source_id,property_type,price,land_area_m2,construction_area_m2,bedrooms,bathrooms,parking_spaces,latitude,longitude,municipality,neighborhood,inegi_cve_ageb
MLM-6019979870,casa,11000000.0,220.0,220.0,2,2.0,2.0,19.386924,-99.1636016,Benito Juárez,Del Valle Centro,0416
MLM-5935992052,casa,6100000.0,176.0,207.0,3,3.0,1.0,19.4046574,-99.1302775,Cuauhtémoc,Asturias,1515
MLM-2937242271,casa,17850000.0,600.0,400.0,3,5.0,5.0,19.3470432,-99.0553574,Iztapalapa,Colonial Iztapalapa,1481
MLM-2858654399,casa,11900000.0,182.0,240.0,2,2.0,2.0,19.4092659,-99.1795821,Cuauhtémoc,Hipodromo Condesa,1411
MLM-4995493444,casa,9500000.0,336.0,286.0,3,2.0,2.0,19.3656187,-99.1899364,Benito Juárez,Merced Gómez,0882
MLM-3017449407,casa,14950000.0,213.0,213.0,3,2.0,2.0,19.4058335,-99.1633037,Cuauhtémoc,Roma Sur,145A
MLM-4995472004,casa,10400000.0,48.12,163.0,3,3.0,3.0,19.386924,-99.1636016,Benito Juárez,Del Valle Centro,0416
MLM-3279331027,casa,1499000.0,100.0,58.0,3,3.0,1.0,19.3691702,-99.0282389,Iztapalapa,Ejercito De Oriente,0604
MLM-2841387303,casa,11200000.0,195.0,400.0,4,2.0,2.0,19.3760816,-99.1550215,Benito Juárez,Letran Valle,0628
MLM-5716290028,casa,15300000.0,107.0,193.0,2,4.0,4.0,19.4148639,-99.176429,Cuauhtémoc,Condesa,1322
MLM-4694034888,casa,13600000.0,175.0,210.0,3,2.0,2.0,19.386924,-99.1636016,Benito Juárez,Del Valle Centro,0416
MLM-5438042870,casa,6800000.0,163.0,204.0,4,2.0,2.0,19.3825107,-99.1419109,Benito Juárez,Américas Unidas,0492
MLM-5912998242,casa,14900000.0,170.0,170.0,2,2.0,2.0,19.4148639,-99.176429,Cuauhtémoc,Condesa,1322
MLM-3229325747,casa,6700000.0,125.0,250.0,3,2.0,2.0,19.3652724,-99.123584,Iztapalapa,Unidad Modelo,2526
MLM-4761872760,casa,13300000.0,86.64,287.0,3,2.0,2.0,19.3942366,-99.1670335,Benito Juárez,Colonia Del Valle,0045
MLM-5476223506,casa,13600000.0,108.0,263.0,3,4.0,4.0,19.3819919,-99.1536795,Benito Juárez,Vértiz Narvarte,044A
MLM-5389863268,casa,12000000.0,204.0,189.0,4,2.0,2.0,19.4058335,-99.1633037,Cuauhtémoc,Roma Sur,145A
MLM-2750135147,casa,4390000.0,108.0,216.0,4,2.0,2.0,19.3263051,-99.0410691,Iztapalapa,Desarrollo Urbano Quetzalcóatl,3064
MLM-2500983613,casa,9000000.0,112.0,291.0,2,4.0,4.0,19.3755626,-99.1456676,Benito Juárez,San Simón Ticumac,0647
MLM-3264355433,casa,15000000.0,94.0,245.0,2,2.0,2.0,19.4183227,-99.1625655,Cuauhtémoc,Roma Norte,1002
MLM-4761689702,casa,10500000.0,132.0,183.0,4,2.0,2.0,19.3915073,-99.1855297,Benito Juárez,San Pedro De Los Pinos,0350
MLM-5476210792,casa,22000000.0,275.0,450.0,4,3.0,3.0,19.3835265,-99.1740387,Benito Juárez,Insurgentes San Borja,0581
MLM-4577138036,casa,3400000.0,89.0,300.0,9,3.0,3.0,19.3399644,-99.0046766,Iztapalapa,Vicente Guerrero,3242
MLM-2895601693,casa,9000000.0,142.0,142.0,3,3.0,3.0,19.3915073,-99.1855297,Benito Juárez,San Pedro De Los Pinos,0350
MLM-5537369664,casa,13700000.0,173.0,173.0,4,3.0,3.0,19.3665269,-99.1854833,Benito Juárez,San José Insurgentes,090A
MLM-5857116464,casa,9200000.0,240.0,281.0,4,2.0,2.0,19.3609127,-99.1182331,Iztapalapa,Héroes De Churubusco,0939
MLM-5306244762,casa,2950000.0,59.0,177.0,5,3.0,3.0,19.3607454,-99.0561187,Iztapalapa,Unidad Vicente Guerrero,1049
MLM-3343286665,casa,10750000.0,221.0,271.0,3,2.0,2.0,19.3942366,-99.1670335,Benito Juárez,Colonia Del Valle,0045
MLM-5866104148,casa,7800000.0,125.0,250.0,3,2.0,2.0,19.3652724,-99.123584,Iztapalapa,Unidad Modelo,2526
MLM-3335067919,casa,22000000.0,411.0,323.0,4,3.0,3.0,19.3665269,-99.1854833,Benito Juárez,San José Insurgentes,090A
MLM-4395206436,casa,54000000.0,300.0,325.0,4,4.0,4.0,19.4183227,-99.1625655,Cuauhtémoc,Roma Norte,1002
MLM-3272828139,casa,4310000.0,172.0,359.0,6,5.0,5.0,19.3328823,-99.0611774,Iztapalapa,Presidentes De México,5018
MLM-2947896659,casa,14390000.0,90.0,280.0,3,3.0,3.0,19.3941528,-99.1720448,Benito Juárez,Del Valle Sur,0223
MLM-5101643248,casa,11190000.0,289.0,256.0,4,4.0,4.0,19.4489743,-99.1571438,Cuauhtémoc,Santa María La Ribera,0485
MLM-5534011200,casa,9950000.0,185.0,133.0,3,3.0,3.0,19.3788814,-99.1587376,Benito Juárez,Del Valle Norte,0628
MLM-3057689259,casa,2800000.0,55.0,200.0,2,4.0,4.0,19.4449101,-99.1451728,Cuauhtémoc,Guerrero,056A
MLM-5873430314,casa,6350000.0,50.0,145.0,3,3.0,3.0,19.3592524,-99.1549213,Benito Juárez,Portales Norte,0986
MLM-3026053385,casa,9000000.0,99.0,125.0,4,3.0,3.0,19.4183227,-99.1625655,Cuauhtémoc,Roma Norte,1002
MLM-5912998238,casa,6500000.0,146.0,146.0,2,2.0,2.0,19.3915073,-99.1855297,Benito Juárez,San Pedro De Los Pinos,0350
MLM-3006589375,casa,25250000.0,391.0,391.0,3,2.0,2.0,19.4183227,-99.1625655,Cuauhtémoc,Roma Norte,1002
MLM-5126509084,casa,23750000.0,463.0,472.0,3,2.0,2.0,19.386924,-99.1636016,Benito Juárez,Del Valle Centro,0416
MLM-2617638301,casa,10500000.0,421.0,700.0,8,4.0,4.0,19.345291,-99.0687492,Iztapalapa,Los Ángeles,1424
MLM-3226636561,casa,9600000.0,81.0,181.0,3,2.0,2.0,19.386924,-99.1636016,Benito Juárez,Del Valle Centro,0416
MLM-4789217778,casa,18000000.0,180.0,409.0,3,3.0,4.0,19.4148639,-99.176429,Cuauhtémoc,Condesa,1322
MLM-2985321389,casa,7290000.0,178.0,178.0,3,2.0,2.0,19.3976367,-99.1527857,Benito Juárez,Alamos,0083
MLM-3296878283,casa,18500000.0,411.0,338.0,4,5.0,5.0,19.3941528,-99.1720448,Benito Juárez,Del Valle Sur,0223
MLM-5635121246,casa,4780000.0,180.0,150.0,4,5.0,5.0,19.365154,-99.1095774,Iztapalapa,El Sifón,5446
MLM-5455169428,casa,14450000.0,104.0,294.0,3,3.0,3.0,19.3941528,-99.1720448,Benito Juárez,Del Valle Sur,0223
MLM-5296421178,casa,6800000.0,187.0,371.0,4,3.0,3.0,19.4567754,-99.1350096,Cuauhtémoc,Ex-Hipódromo de Peralvillo,0146
MLM-5866358944,casa,12900000.0,300.0,367.0,4,4.0,4.0,19.3591416,-99.137028,Iztapalapa,El Prado,0905
MLM-3136036953,casa,14950000.0,110.0,213.0,3,2.0,2.0,19.4058335,-99.1633037,Cuauhtémoc,Roma Sur,145A
MLM-3246159471,casa,9000000.0,125.0,99.0,2,2.0,1.0,19.3723233,-99.1836682,Benito Juárez,Insurgentes Mixcoac,0793
MLM-2808240185,casa,18500000.0,344.0,377.0,5,6.0,6.0,19.4058335,-99.1633037,Cuauhtémoc,Roma Sur,145A
MLM-2728679451,casa,8600000.0,260.0,240.0,4,3.0,3.0,19.3630362,-99.1362069,Iztapalapa,Banjidal,0801
MLM-2903080901,casa,6950000.0,465.55,488.14,5,4.0,4.0,19.376776,-99.1110033,Iztapalapa,Magdalena Atlazolpa,0360
MLM-6012137164,casa,5900000.0,126.0,200.0,3,2.0,2.0,19.3875657,-99.1389557,Benito Juárez,Villa De Cortes,0327
MLM-3136410891,casa,8700000.0,243.0,410.0,4,4.0,4.0,19.3769065,-99.1173931,Iztapalapa,Ampliación El Triunfo,0337
MLM-2750038795,casa,5900000.0,126.0,200.0,3,3.0,1.0,19.3875657,-99.1389557,Benito Juárez,Villa De Cortes,0327
MLM-3236273109,casa,21000000.0,135.0,240.0,4,4.0,4.0,19.4148639,-99.176429,Cuauhtémoc,Condesa,1322
MLM-5475225150,casa,3599000.0,231.0,180.0,3,3.0,3.0,19.3627604,-99.0112355,Iztapalapa,Santa Martha Acatitla,0854
MLM-6011004538,casa,15000000.0,200.0,230.0,3,3.0,1.0,19.4058335,-99.1633037,Cuauhtémoc,Roma Sur,145A
MLM-5497716244,casa,8200000.0,113.0,250.0,3,4.0,4.0,19.3698638,-99.1609858,Benito Juárez,Santa Cruz Atoyac,083A
MLM-2937241709,casa,5300000.0,204.0,143.0,3,2.0,2.0,19.3244191,-99.0354918,Iztapalapa,Juan Escutia,3401
MLM-2512721327,casa,15600000.0,300.0,400.0,5,3.0,3.0,19.3760816,-99.1550215,Benito Juárez,Letran Valle,0628
MLM-4837324260,casa,12950000.0,238.0,373.0,3,2.0,2.0,19.3760816,-99.1550215,Benito Juárez,Letran Valle,0628
MLM-3841668706,casa,7500000.0,368.0,295.0,4,2.0,2.0,19.3102514,-99.0684022,Iztapalapa,San Lorenzo Tezonco,2102
MLM-2605760009,casa,5600000.0,165.0,366.0,3,2.0,2.0,19.4618166,-99.1341901,Cuauhtémoc,Peralvillo,0023
MLM-4961728442,departamento,5595000.0,90.0,90.0,2,2.0,2.0,19.3905208,-99.1579016,Benito Juárez,Narvarte Poniente,0257
MLM-3348280963,departamento,2585700.0,65.0,65.0,3,2.0,2.0,19.3592708,-99.1385674,Iztapalapa,San Miguel,0905
MLM-3139780527,departamento,2089046.0,,41.45,2,2.0,,19.4618166,-99.1341901,Cuauhtémoc,Peralvillo,0023
MLM-5846306064,casa,6500000.0,192.0,454.6,3,2.0,2.0,19.4760224,-99.1824791,Azcapotzalco,Santa Maria Malinalco,0491
MLM-4986587530,casa,6900000.0,146.0,127.0,2,3.0,3.0,19.3156259,-99.1329683,Coyoacán,Barrio San Lucas,1730
MLM-3146247391,casa,6480000.0,87.0,164.0,2,3.0,3.0,19.3581682,-99.272261,Cuajimalpa de Morelos,Cuajimalpa,0369
MLM-3114923465,casa,1350000.0,300.0,82.0,2,2.0,1.0,19.180547,-99.0667539,Milpa Alta,San Juan (San Pablo Oztotepec),0219
MLM-5400955952,casa,3500000.0,327.0,188.0,3,3.0,3.0,19.2304267,-98.9963971,Tláhuac,Jaime Torres Bodet,115A
MLM-2872625031,casa,4660000.0,109.0,187.0,4,2.0,2.0,19.446817,-99.1147059,Venustiano Carranza,Michoacana,023A
MLM-5935992064,casa,5800000.0,150.0,210.0,3,2.0,2.0,19.28061,-99.1122855,Xochimilco,Barrio 18,139A
MLM-2831211477,casa,4850000.0,71.0,164.0,2,2.0,2.0,19.3354047,-99.153659,Coyoacán,Los Reyes,0450
MLM-5429484832,casa,4400000.0,137.0,137.0,3,2.0,2.0,19.3581682,-99.272261,Cuajimalpa de Morelos,Cuajimalpa,0369
MLM-2987641267,casa,3000000.0,175.0,375.0,4,2.0,2.0,19.180547,-99.0667539,Milpa Alta,San Juan (San Pablo Oztotepec),0219
MLM-4995475032,casa,7790000.0,220.0,208.0,3,4.0,4.0,19.4163243,-99.1071279,Venustiano Carranza,Jardín Balbuena,1100
MLM-5446755484,casa,17950000.0,519.0,500.0,5,4.0,4.0,19.3457792,-99.1698209,Coyoacán,Romero De Terreros,0126
MLM-2902831841,casa,19000000.0,275.0,275.0,3,3.0,3.0,19.5057393,-99.1480141,Gustavo A. Madero,Lindavista Norte,0525
MLM-5892465126,casa,10500000.0,133.0,215.0,3,2.0,2.0,19.386542,-99.1298395,Iztacalco,Reforma Iztaccíhuatl Norte,0749
MLM-5252732790,casa,6600000.0,240.0,185.0,3,3.0,3.0,19.3159494,-99.2409104,La Magdalena Contreras,Lomas Quebradas,0211
MLM-2937316065,casa,3600000.0,600.0,400.0,4,4.0,1.0,19.2062819,-99.0679065,Milpa Alta,San Bartolomé Xicomulco,012A
MLM-5545166518,casa,4500000.0,125.0,145.0,3,3.0,3.0,19.2551196,-99.1206582,Xochimilco,La Concha,0300
MLM-3161630749,casa,9500000.0,144.0,250.0,4,4.0,4.0,19.4638348,-99.1682205,Azcapotzalco,Nueva Santa María,0839
MLM-5561006384,casa,13490000.0,300.0,300.0,4,5.0,5.0,19.5057393,-99.1480141,Gustavo A. Madero,Lindavista Norte,0525
MLM-5252334214,casa,7500000.0,225.0,225.0,3,2.0,2.0,19.3071968,-99.2335239,La Magdalena Contreras,La Magdalena Contreras,0334
MLM-5947984254,casa,2800000.0,375.0,375.0,4,4.0,1.0,19.2042375,-99.1012974,Milpa Alta,Villa Milpa Alta Centro,0488
MLM-2668305051,casa,5200000.0,143.0,271.0,5,2.0,2.0,19.4333386,-99.1171923,Venustiano Carranza,10 de Mayo,0507
MLM-3316538991,casa,5550000.0,180.0,180.0,4,3.0,3.0,19.2694917,-99.1213996,Xochimilco,Potrero De San Bernardino,0086
MLM-3147867585,casa,7600000.0,310.0,280.0,5,3.0,3.0,19.3947206,-99.1295917,Iztacalco,San Pedro,0378
MLM-5252256980,casa,13500000.0,687.0,478.0,4,4.0,4.0,19.2979434,-99.2441172,La Magdalena Contreras,San Nicolás Totolapan,0349
MLM-5656939692,casa,25700000.0,1000.0,500.0,4,5.0,5.0,19.1864441,-99.0718336,Milpa Alta,Centro,0191
MLM-3324198595,casa,7500000.0,212.0,289.0,3,3.0,3.0,19.2983053,-99.126272,Tlalpan,Residencial Acoxpa,0248
MLM-3202000949,casa,6900000.0,220.0,220.0,4,3.0,3.0,19.4163243,-99.1071279,Venustiano Carranza,Jardín Balbuena,1100
MLM-5657480988,casa,11900000.0,331.0,331.0,3,3.0,3.0,19.3581682,-99.272261,Cuajimalpa de Morelos,Cuajimalpa,0369
MLM-3342304607,casa,18500000.0,453.0,453.0,3,3.0,3.0,19.3267187,-99.22256,La Magdalena Contreras,San Jerónimo Lídice,0086
MLM-6014288106,casa,1350000.0,170.0,150.0,1,1.0,1.0,19.2122976,-98.9846998,Milpa Alta,Xochitepec,0435
MLM-5793570730,casa,5900000.0,270.0,270.0,3,2.0,2.0,19.446817,-99.1147059,Venustiano Carranza,Michoacana,023A
MLM-3206595577,casa,3300000.0,71.0,75.0,2,2.0,1.0,19.3354047,-99.153659,Coyoacán,Los Reyes,0450
MLM-5950758888,casa,12800000.0,350.0,418.0,3,3.0,3.0,19.3581682,-99.272261,Cuajimalpa de Morelos,Cuajimalpa,0369
MLM-3108900109,casa,4700000.0,236.0,236.0,3,2.0,2.0,19.3874012,-99.0961121,Iztacalco,Gabriel Ramos Millán,0700
MLM-3161038543,casa,50000000.0,446.0,368.0,4,2.0,2.0,19.43353,-99.190915,Miguel Hidalgo,Polanco,0660
MLM-3330444895,casa,5100000.0,241.0,300.0,5,3.0,3.0,19.3123896,-98.9730465,Tláhuac,San José,097A
MLM-5989510086,casa,8000000.0,170.0,170.0,4,3.0,3.0,19.4163243,-99.1071279,Venustiano Carranza,Jardín Balbuena,1100
MLM-5759401726,casa,4700000.0,200.0,200.0,1,,1.0,19.478894,-99.1608374,Azcapotzalco,Azcapotzalco,0881
MLM-3139552473,casa,10700000.0,205.6,248.0,3,4.0,4.0,19.3085255,-99.1122303,Coyoacán,San Mateo,1181
MLM-5444448768,casa,6750000.0,200.0,200.0,3,2.0,2.0,19.3810141,-99.1286385,Iztacalco,Militar Marte,097A
MLM-5688602200,casa,17458000.0,951.0,658.0,3,4.0,4.0,19.273872,-99.1367198,Xochimilco,Santa María Tepepan,0067
MLM-4995491474,casa,24900000.0,270.0,500.0,7,6.0,6.0,19.350132,-99.1746519,Coyoacán,Barrio Santa Catarina,0111
MLM-5717690394,casa,6499000.0,160.0,300.0,3,3.0,3.0,19.3775893,-99.1287791,Iztacalco,Reforma Iztaccíhuatl Sur,0965
MLM-3096572515,casa,4500000.0,200.0,470.0,7,4.0,4.0,19.2871709,-99.0598419,Tláhuac,Del Mar,0310
MLM-5744006584,casa,13900000.0,476.0,426.0,3,3.0,3.0,19.273872,-99.1367198,Xochimilco,Santa María Tepepan,0067
MLM-2907754151,casa,10400000.0,141.0,355.0,4,4.0,3.0,19.4659567,-99.1821386,Azcapotzalco,Clavería,0701
MLM-4363937848,casa,23849000.0,414.0,350.0,4,4.0,4.0,19.3380144,-99.1674315,Coyoacán,Pedregal De San Francisco,0431
MLM-2722438487,casa,6199994.0,159.86,245.5,3,3.0,3.0,19.5240112,-99.1481872,Gustavo A. Madero,Residencial Acueducto de Guadalupe,039A
MLM-3306544227,casa,5700000.0,140.0,250.0,4,3.0,3.0,19.3810141,-99.1286385,Iztacalco,Militar Marte,097A
MLM-5257429544,casa,9900000.0,234.0,283.0,3,2.0,2.0,19.3267187,-99.22256,La Magdalena Contreras,San Jerónimo Lídice,0086
MLM-2935284139,casa,5300000.0,131.0,131.0,3,2.0,2.0,19.303188,-99.0490881,Tláhuac,Santa Ana Poniente,1338
MLM-2962198929,casa,4450000.0,70.0,127.0,3,2.0,2.0,19.2847777,-99.1958492,Tlalpan,Miguel Hidalgo 2A Sección,0888
MLM-5208815316,casa,5590000.0,114.0,210.0,3,3.0,3.0,19.2694917,-99.1213996,Xochimilco,Potrero De San Bernardino,0086
MLM-2705545201,casa,17999999.0,175.0,504.0,3,9.0,9.0,19.4675479,-99.1205924,Gustavo A. Madero,Guadalupe Tepeyac,181A
MLM-3223192501,casa,5500000.0,160.0,240.0,8,4.0,4.0,19.4264684,-99.1098256,Venustiano Carranza,Moctezuma,0615
MLM-5475258326,casa,6550000.0,145.0,191.0,3,2.0,2.0,19.504283,-99.200367,Azcapotzalco,El Rosario,0928
MLM-2982238013,casa,59990000.0,1011.0,987.0,4,4.0,4.0,19.350132,-99.1746519,Coyoacán,Barrio Santa Catarina,0111
MLM-5171522816,departamento,6500000.0,191.0,191.0,6,2.0,2.0,19.3581682,-99.272261,Cuajimalpa de Morelos,Cuajimalpa,0369
MLM-2775784399,casa,6300000.0,170.0,210.0,3,2.0,2.0,19.3159494,-99.2409104,La Magdalena Contreras,Lomas Quebradas,0211
MLM-5823147122,casa,11890000.0,340.0,555.0,4,4.0,4.0,19.4163243,-99.1071279,Venustiano Carranza,Jardín Balbuena,1100
MLM-2973626177,casa,4490000.0,502.0,451.0,6,3.0,3.0,19.2534859,-99.0567766,Xochimilco,San Gregorio Atlapulco,0353
MLM-4754184100,casa,4250000.0,113.0,178.0,4,4.0,4.0,19.4679344,-99.1422687,Gustavo A. Madero,Vallejo,1735
MLM-5155963444,casa,5932000.0,160.0,351.0,5,4.0,4.0,19.4045642,-99.0695045,Iztacalco,Agrícola Oriental,0128
MLM-2698019391,casa,7450000.0,342.0,342.0,2,2.0,2.0,19.3267187,-99.22256,La Magdalena Contreras,San Jerónimo Aculco,0086
MLM-2834295923,casa,9336000.0,231.0,231.0,3,3.0,3.0,19.2944916,-99.1628698,Tlalpan,Toriello Guerra,0407
MLM-3315321617,casa,6750000.0,190.0,187.0,6,2.0,2.0,19.4811668,-99.2075345,Azcapotzalco,San Antonio,0631
MLM-5811401418,casa,4750000.0,164.0,353.0,6,3.0,3.0,19.3271575,-99.1678565,Coyoacán,Pedregal De Santo Domingo,0624
MLM-2776038787,casa,15000000.0,250.0,500.0,5,5.0,5.0,19.506314,-99.1445042,Gustavo A. Madero,Torres Lindavista,0525
MLM-5721890748,casa,4750000.0,65.0,155.0,3,2.0,2.0,19.291778,-99.2214189,Tlalpan,Héroes De Padierna,0337
MLM-5874396610,casa,7800000.0,192.0,281.0,3,2.0,2.0,19.4163243,-99.1071279,Venustiano Carranza,Jardín Balbuena,1100
MLM-5466399982,casa,7300000.0,214.0,255.0,4,2.0,2.0,19.4760224,-99.1824791,Azcapotzalco,Santa Maria Malinalco,0491
MLM-3283171723,departamento,5000000.0,140.0,131.0,3,2.0,2.0,19.3581682,-99.272261,Cuajimalpa de Morelos,Cuajimalpa,0369
MLM-3161588619,casa,5850000.0,131.0,185.0,4,2.0,2.0,19.5084773,-99.1579443,Gustavo A. Madero,Nueva Vallejo,0489
MLM-5252271486,casa,13490000.0,771.0,323.0,6,4.0,4.0,19.3267187,-99.22256,La Magdalena Contreras,San Jerónimo Lídice,0086
MLM-5252274532,casa,19900000.0,685.0,600.0,3,3.0,3.0,19.3063387,-99.2259026,Tlalpan,Fuentes Del Pedregal,0017
MLM-5867461280,casa,7890000.0,155.0,222.0,4,3.0,3.0,19.4163243,-99.1071279,Venustiano Carranza,Jardín Balbuena,1100
MLM-5644868510,casa,7750000.0,184.0,318.0,4,2.0,2.0,19.4744209,-99.0961758,Gustavo A. Madero,San Pedro El Chico,1650
MLM-2798089939,casa,3200000.0,64.0,104.0,2,2.0,2.0,19.3840964,-99.1061694,Iztacalco,INFONAVIT Iztacalco,0838
MLM-2784804911,casa,35790000.0,596.0,596.0,4,5.0,5.0,19.4210896,-99.2184637,Miguel Hidalgo,Lomas De Chapultepec,0919
MLM-5030482384,casa,3200000.0,113.25,90.0,3,2.0,2.0,19.2441326,-98.9994775,Tláhuac,San Agustín,0984
MLM-4995503372,casa,16500000.0,525.0,483.0,4,3.0,3.0,19.3063387,-99.2259026,Tlalpan,Fuentes Del Pedregal,0017
MLM-5577045416,casa,23000000.0,420.0,420.0,9,10.0,10.0,19.4659567,-99.1821386,Azcapotzalco,Clavería,0701
MLM-5349625604,casa,23000000.0,673.0,514.0,6,4.0,4.0,19.303295,-99.185039,Coyoacán,Insurgentes Cuicuilco,1529
MLM-5132938522,casa,3800000.0,118.0,181.0,4,2.0,2.0,19.4045642,-99.0695045,Iztacalco,Agrícola Oriental,0128
MLM-4636871480,casa,7800000.0,337.0,242.0,3,2.0,2.0,19.4144176,-99.0778427,Venustiano Carranza,Aviación Civil,1280
MLM-5969788112,casa,8400000.0,251.0,257.0,3,2.0,2.0,19.4659567,-99.1821386,Azcapotzalco,Clavería,0701
MLM-3102685677,casa,13500000.0,187.0,360.0,4,3.0,3.0,19.346188,-99.1356291,Coyoacán,Campestre Churubusco,0179
MLM-4155224006,casa,10950000.0,288.0,259.0,3,2.0,2.0,19.4206277,-99.0888817,Venustiano Carranza,Federal,1011
MLM-5421879186,casa,5900000.0,137.0,213.0,3,2.0,2.0,19.2678229,-99.1255109,Xochimilco,La Noria,0160
MLM-5575824624,casa,3600000.0,33.0,70.0,3,2.0,2.0,19.409865,-99.0666396,Iztacalco,Agrícola Pantitlan,1179
MLM-5199588082,casa,11070000.0,219.0,305.0,3,3.0,3.0,19.3071322,-99.2450982,La Magdalena Contreras,Pueblo Nuevo Bajo,0300
MLM-5555967188,casa,3200000.0,235.0,180.0,3,2.0,2.0,19.2441326,-98.9994775,Tláhuac,San Agustín,0984
MLM-2728647883,casa,8580000.0,375.0,381.42,5,5.0,5.0,19.4404605,-99.0951549,Venustiano Carranza,Romero Rubio,0437
MLM-5593445888,casa,5700000.0,130.0,184.0,3,2.0,2.0,19.273872,-99.1367198,Xochimilco,Santa María Tepepan,0067
MLM-3063322641,casa,6750000.0,190.0,250.0,6,2.0,2.0,19.4811668,-99.2075345,Azcapotzalco,San Antonio,0631
MLM-4991290662,casa,8700000.0,160.0,397.0,3,2.0,2.0,19.5057393,-99.1480141,Gustavo A. Madero,Colonia Lindavista Norte,0525
MLM-5147813870,casa,12480000.0,231.0,301.0,3,3.0,3.0,19.3267187,-99.22256,La Magdalena Contreras,San Jerónimo Aculco,0086
MLM-5474758240,casa,11850000.0,331.0,273.0,4,3.0,3.0,19.2776447,-99.1424798,Tlalpan,La Joya,2121
MLM-2956505963,casa,3700000.0,150.0,270.0,6,2.0,2.0,19.2380782,-99.0998873,Xochimilco,Ampliación Nativitas,0758
MLM-3006254435,casa,33000000.0,556.0,978.0,4,4.0,4.0,19.3457792,-99.1698209,Coyoacán,Romero De Terreros,0126
MLM-2747159641,casa,4500000.0,228.0,65.0,5,2.0,2.0,19.4045642,-99.0695045,Iztacalco,Agrícola Oriental,0128
MLM-2457222575,casa,13400000.0,520.0,520.0,3,4.0,4.0,19.2765713,-99.1465861,Tlalpan,Valle Escondido,2121
MLM-3297864023,casa,6300000.0,142.0,234.0,3,2.0,2.0,19.4163243,-99.1071279,Venustiano Carranza,Jardín Balbuena,1100
MLM-3306315621,casa,14800000.0,449.0,460.0,6,4.0,4.0,19.4659567,-99.1821386,Azcapotzalco,Clavería,0701
MLM-3188055305,casa,14000000.0,203.0,248.0,3,3.0,3.0,19.2989654,-99.1539411,Coyoacán,Bosques De Tetlameya,1124
MLM-3228151997,casa,4350000.0,153.0,226.0,4,3.0,3.0,19.4888803,-99.0968867,Gustavo A. Madero,Salvador Díaz Mirón,1307
MLM-5147813892,casa,9980000.0,220.0,257.0,3,3.0,3.0,19.3159494,-99.2409104,La Magdalena Contreras,Lomas Quebradas,0211
MLM-5908800540,casa,5150000.0,70.0,215.0,3,2.0,2.0,19.2870065,-99.0564365,Tláhuac,Miguel Hidalgo,0306
MLM-4364079014,casa,25900000.0,540.0,700.0,4,4.0,4.0,19.3380144,-99.1674315,Coyoacán,Pedregal De San Francisco,0431
MLM-2784667981,casa,18750000.0,1260.0,800.0,4,3.0,3.0,19.3177076,-99.2235278,La Magdalena Contreras,Héroes De Padierna,0194
MLM-3356925443,casa,5250000.0,180.0,214.0,3,3.0,3.0,19.4264684,-99.1098256,Venustiano Carranza,Moctezuma,0615
MLM-2356053273,casa,8200000.0,256.0,217.0,3,3.0,3.0,19.2459053,-99.0739616,Xochimilco,Santa Cruz Acalpixca,1154
MLM-4761625180,casa,14500000.0,370.61,280.0,4,3.0,3.0,19.343206,-99.1642939,Coyoacán,Cuadrante De San Francisco,0287
MLM-5833296458,casa,5900000.0,126.0,300.0,3,2.0,2.0,19.409865,-99.0666396,Iztacalco,Agrícola Pantitlan,1179
MLM-5969782668,casa,4942516.0,115.0,115.0,3,2.0,2.0,19.2870065,-99.0564365,Tláhuac,Miguel Hidalgo,0306
MLM-4761702558,casa,15500000.0,408.0,419.0,2,4.0,4.0,19.2776447,-99.1424798,Tlalpan,La Joya,2121
MLM-3137038021,casa,4900000.0,147.0,134.0,3,2.0,2.0,19.246125,-99.104859,Xochimilco,Tablas De San Lorenzo,0419
MLM-3222747919,casa,13800000.0,184.0,255.0,3,3.0,3.0,19.3054012,-99.169271,Coyoacán,Villa Coyoacán,1641
MLM-3208178019,casa,6300000.0,172.0,213.0,4,2.0,2.0,19.3775893,-99.1287791,Iztacalco,Reforma Iztaccíhuatl Sur,0965
MLM-5823441250,casa,20900000.0,538.0,650.0,3,4.0,4.0,19.3267187,-99.22256,La Magdalena Contreras,San Jerónimo Lídice,0086
MLM-2438930055,casa,32000000.0,780.0,570.0,4,3.0,3.0,19.2919275,-99.2016172,Tlalpan,Parque Del Pedregal,1960
MLM-2605871745,casa,6700000.0,144.0,227.0,4,4.0,1.0,19.4163243,-99.1071279,Venustiano Carranza,Jardín Balbuena,1100
MLM-3063140391,casa,5490000.0,122.0,311.0,4,4.0,4.0,19.2827293,-99.1168418,Xochimilco,San Lorenzo La Cebada,1224
MLM-6012249012,casa,4400000.0,132.0,179.0,4,2.0,2.0,19.4779744,-99.1611997,Azcapotzalco,Euzkadi,0379
MLM-3076497167,casa,12900000.0,377.0,278.0,2,2.0,2.0,19.2989654,-99.1539411,Coyoacán,Bosques De Tetlameya,1124
MLM-2720617931,casa,8850000.0,272.0,417.0,4,3.0,3.0,19.4701079,-99.1317517,Gustavo A. Madero,Guadalupe Insurgentes,1576
MLM-2784667989,casa,14000000.0,480.0,480.0,3,4.0,4.0,19.3177076,-99.2235278,La Magdalena Contreras,Héroes De Padierna,0194
MLM-5832034652,casa,20995000.0,594.0,480.0,4,3.0,3.0,19.2873823,-99.1681738,Tlalpan,Tlalpan Centro,0958
MLM-5361907038,casa,18600000.0,247.0,302.0,3,3.0,3.0,19.4320972,-99.1771646,Miguel Hidalgo,Anzures,0711
MLM-5905180710,casa,4900000.0,300.0,435.87,5,4.0,4.0,19.3215639,-98.9624704,Tláhuac,Ampliación Santa Catarina,1164
MLM-2605898253,casa,10500000.0,278.0,278.0,9,4.0,4.0,19.4251494,-99.0635216,Venustiano Carranza,Arenal 1a Sección,1524
MLM-3103735399,casa,7380000.0,161.0,237.0,5,5.0,1.0,19.4638348,-99.1682205,Azcapotzalco,Nueva Santa María,0839
MLM-5886132350,casa,14900000.0,300.0,600.0,2,3.0,3.0,19.506314,-99.1445042,Gustavo A. Madero,Torres Lindavista,0525
MLM-6039475366,casa,4310000.0,149.0,140.0,4,4.0,1.0,19.2870065,-99.0564365,Tláhuac,Miguel Hidalgo,0306
MLM-5527431230,casa,21900000.0,165.0,345.0,3,3.0,3.0,19.2919275,-99.2016172,Tlalpan,Parque Del Pedregal,1960
MLM-5857536210,casa,4000000.0,105.0,141.0,3,3.0,1.0,19.446817,-99.1147059,Venustiano Carranza,Michoacana,023A
MLM-4985878486,casa,7000000.0,210.0,587.0,6,6.0,6.0,19.249414,-99.0158925,Xochimilco,Cristo Rey,1192
MLM-2797723041,casa,10400000.0,140.0,355.0,4,4.0,4.0,19.478894,-99.1608374,Azcapotzalco,Azcapotzalco,0881
MLM-5450607952,casa,3850000.0,162.0,197.0,4,2.0,2.0,19.3013437,-99.0365853,Tláhuac,La Conchita Zapotitlán,0039
MLM-3113940031,casa,22900000.0,400.0,690.0,4,5.0,5.0,19.2806569,-99.1458076,Tlalpan,Colinas Del Bosque,2121
MLM-5455459316,casa,6500000.0,191.0,191.0,3,2.0,2.0,19.4983122,-99.2098484,Azcapotzalco,Ex-Hacienda El Rosario,0148
MLM-6033670010,casa,5850000.0,80.0,153.0,3,2.0,2.0,19.2989654,-99.1539411,Coyoacán,Bosques De Tetlameya,1124
MLM-3120980681,casa,11500000.0,220.0,450.0,3,4.0,4.0,19.5057393,-99.1480141,Gustavo A. Madero,Colonia Lindavista Norte,0525
MLM-2745019271,casa,8850000.0,224.0,305.0,4,4.0,4.0,19.4013018,-99.1315852,Iztacalco,Viaducto Piedad,0236
MLM-2752591843,casa,32000000.0,1072.0,918.0,3,3.0,3.0,19.3913552,-99.2436293,Miguel Hidalgo,Lomas De Bezares,1300
MLM-2945522431,casa,5330000.0,97.0,215.0,3,2.0,2.0,19.291778,-99.2214189,Tlalpan,Héroes De Padierna,0337
MLM-4139177056,casa,10000000.0,128.0,324.0,2,4.0,4.0,19.273872,-99.1367198,Xochimilco,Tepepan,0067
MLM-3020054757,casa,6100000.0,202.0,202.0,4,2.0,2.0,19.4615193,-99.1646123,Azcapotzalco,Tlatilco,1061
MLM-4955391602,casa,8400000.0,201.0,254.0,4,3.0,3.0,19.3072364,-99.114197,Coyoacán,Santa Cecilia,1069
MLM-3072722033,casa,18800000.0,380.0,480.0,5,4.0,4.0,19.506314,-99.1445042,Gustavo A. Madero,Torres Lindavista,0525
MLM-3283568659,casa,3996000.0,186.0,170.0,3,3.0,3.0,19.3967664,-99.1165318,Iztacalco,Los Reyes,1126
MLM-4512123732,casa,13200000.0,500.0,515.0,4,5.0,5.0,19.3038442,-99.2079494,Tlalpan,Jardines Del Ajusco,2070
MLM-5961253524,casa,4699000.0,134.0,247.0,4,5.0,5.0,19.4126273,-99.0929778,Venustiano Carranza,General Ignacio Zaragoza,1219
MLM-3135965603,casa,7800000.0,129.0,224.0,5,3.0,3.0,19.4638348,-99.1682205,Azcapotzalco,Nueva Santa María,0839
MLM-2973660713,casa,6500000.0,230.0,200.0,5,2.0,2.0,19.3041152,-99.1532138,Coyoacán,Ex-Ejido De Santa Ursula Coapa,1124
MLM-3144611753,casa,7200000.0,200.0,178.0,5,2.0,2.0,19.3810141,-99.1286385,Iztacalco,Militar Marte,097A
MLM-5258434562,casa,10950000.0,271.0,287.0,3,3.0,3.0,19.2979434,-99.2441172,La Magdalena Contreras,San Nicolás Totolapan,0349
MLM-3041956869,casa,10300000.0,1129.0,1129.0,3,4.0,4.0,19.446817,-99.1147059,Venustiano Carranza,Michoacana,023A
MLM-3228141551,casa,4300000.0,120.0,150.0,2,3.0,3.0,19.28061,-99.1122855,Xochimilco,Barrio 18,139A
MLM-5519798906,casa,8000000.0,209.0,246.0,2,3.0,3.0,19.4638348,-99.1682205,Azcapotzalco,Nueva Santa María,0839
MLM-2330764527,casa,9990000.0,460.0,368.0,3,3.0,3.0,19.2979434,-99.2441172,La Magdalena Contreras,San Nicolás Totolapan,0349
MLM-3214879805,casa,3500000.0,140.0,180.0,4,2.0,2.0,19.2870065,-99.0564365,Tláhuac,Miguel Hidalgo,0306
MLM-2894356071,casa,18350000.0,384.0,432.0,4,4.0,4.0,19.2919275,-99.2016172,Tlalpan,Parque Del Pedregal,1960
MLM-5969796634,casa,7000000.0,208.0,342.0,4,2.0,2.0,19.4163243,-99.1071279,Venustiano Carranza,Jardín Balbuena,1100
MLM-2735491777,casa,30000000.0,3174.0,600.0,7,7.0,7.0,19.245023,-99.114547,Xochimilco,San Lucas Xochimanca,0391
MLM-5845662666,casa,4999998.0,343.0,250.0,7,4.0,4.0,19.4988067,-99.1921922,Azcapotzalco,San Martín Xochináhuac,0186
MLM-4754146260,casa,9000000.0,303.0,337.0,4,4.0,4.0,19.5057393,-99.1480141,Gustavo A. Madero,Colonia Lindavista Norte,0525
MLM-3221571737,casa,6995000.0,164.0,261.0,2,2.0,2.0,19.3267187,-99.22256,La Magdalena Contreras,San Jerónimo Lídice,0086
MLM-2794941673,casa,5800000.0,492.97,465.39,4,2.0,2.0,19.2304267,-98.9963971,Tláhuac,Jaime Torres Bodet,115A
MLM-2907618497,casa,6349000.0,122.0,240.0,3,3.0,3.0,19.273872,-99.1367198,Xochimilco,Santa María Tepepan,0067
MLM-3356013309,casa,10100000.0,319.0,203.0,4,4.0,4.0,19.4659567,-99.1821386,Azcapotzalco,Clavería,0701
MLM-5666138064,casa,3099000.0,110.0,180.0,3,2.0,2.0,19.3275616,-99.1215126,Coyoacán,Culhuacán CTM Sección II,1745
MLM-4608642760,casa,8800000.0,240.0,225.0,2,4.0,4.0,19.5057393,-99.1480141,Gustavo A. Madero,Lindavista Norte,0525
MLM-5632626376,casa,8498000.0,143.0,309.0,4,4.0,4.0,19.3267187,-99.22256,La Magdalena Contreras,San Jerónimo Lídice,0086
MLM-2605772143,casa,38540000.0,550.0,550.0,4,4.0,4.0,19.4031893,-99.2341742,Miguel Hidalgo,Lomas De Reforma,1279
MLM-5936016546,casa,10999990.0,298.0,332.0,4,2.0,2.0,19.2944727,-99.1431228,Tlalpan,Hacienda de San Juan de Tlalpan 2a Sección,0549
MLM-4847067920,casa,10000000.0,230.0,330.0,4,3.0,3.0,19.2768794,-99.1317076,Xochimilco,Ampliación Tepepan,0014
MLM-5570106420,casa,14700000.0,242.0,380.0,3,2.0,2.0,19.506314,-99.1445042,Gustavo A. Madero,Torres Lindavista,0525
MLM-2987734197,casa,5985000.0,167.46,167.46,3,2.0,2.0,19.3071322,-99.2450982,La Magdalena Contreras,Pueblo Nuevo Bajo,0300
MLM-3009575111,casa,19500000.0,192.57,318.0,4,3.0,3.0,19.4425356,-99.2102915,Miguel Hidalgo,Irrigación,0548
MLM-2705536453,casa,13900000.0,660.0,327.0,3,3.0,3.0,19.2801544,-99.1547861,Tlalpan,Club de Golf México,1049
MLM-3162042795,casa,4850000.0,170.0,170.0,4,2.0,2.0,19.4440806,-99.1145986,Venustiano Carranza,Ampliación 20 de Noviembre,0244
MLM-3232147439,casa,9858000.0,287.0,287.0,3,3.0,3.0,19.2989654,-99.1539411,Coyoacán,Tetlameya,1124
MLM-3315806899,casa,14500000.0,794.0,402.0,5,5.0,5.0,19.409865,-99.0666396,Iztacalco,Agrícola Pantitlan,1179
MLM-5563262464,casa,4500000.0,189.0,105.0,3,2.0,2.0,19.4251494,-99.0635216,Venustiano Carranza,Arenal 1a Sección,1524
MLM-5264757906,casa,2750000.0,201.7,194.14,4,2.0,2.0,19.273872,-99.1367198,Xochimilco,Tepepan,0067
MLM-5617825924,casa,1490000.0,84.0,84.0,2,2.0,1.0,19.4045642,-99.0695045,Iztacalco,Agrícola Oriental,0128
MLM-5271947282,casa,3000000.0,100.0,140.0,4,4.0,1.0,19.298492,-99.0368418,Tláhuac,Santiago Zapotitlan,0039
MLM-3189349605,casa,7890000.0,155.0,222.0,4,2.0,2.0,19.4163243,-99.1071279,Venustiano Carranza,Jardín Balbuena,1100
MLM-2784655351,casa,4200000.0,202.0,240.0,4,3.0,3.0,19.2325291,-99.1195571,Xochimilco,San Mateo Xalpa,1173
MLM-2798151211,casa,11485000.0,295.17,329.0,4,3.0,3.0,19.4659567,-99.1821386,Azcapotzalco,Clavería,0701
MLM-5200833268,casa,8799000.0,250.0,430.0,3,4.0,4.0,19.3228085,-99.1036495,Coyoacán,Ex-Ejido De San Francisco Culhuacán,1779
MLM-4598287106,casa,12500000.0,341.0,341.0,3,2.0,2.0,19.3267187,-99.22256,La Magdalena Contreras,San Jerónimo Lídice,0086
MLM-3245941499,casa,5160000.0,109.0,165.0,3,2.0,2.0,19.2847777,-99.1958492,Tlalpan,Miguel Hidalgo 2A Sección,0888
MLM-3167928503,casa,5900000.0,200.0,251.0,3,2.0,2.0,19.4752826,-99.150096,Azcapotzalco,Pro-Hogar,0415
MLM-5803353750,casa,28500000.0,1000.0,1012.0,5,5.0,5.0,19.3067981,-99.1981595,Coyoacán,Jardines Del Pedregal De San Ángel,1105
MLM-5474516806,casa,7500000.0,278.0,218.0,3,2.0,2.0,19.3267187,-99.22256,La Magdalena Contreras,San Jerónimo Lídice,0086
MLM-2943150597,casa,21500000.0,350.0,350.0,3,2.0,2.0,19.3063387,-99.2259026,Tlalpan,Fuentes Del Pedregal,0017
MLM-2855316945,casa,5550000.0,156.0,156.0,3,3.0,3.0,19.273872,-99.1367198,Xochimilco,Santa María Tepepan,0067
MLM-5951018022,casa,4190000.0,90.0,140.0,3,3.0,3.0,19.5137085,-99.1348947,Gustavo A. Madero,La Purísima Ticoman,0559
MLM-3072260145,casa,1300000.0,41.0,82.0,2,2.0,1.0,19.4045642,-99.0695045,Iztacalco,Agrícola Oriental,0128
MLM-3263006651,casa,7800000.0,80.0,240.0,3,3.0,3.0,19.3267187,-99.22256,La Magdalena Contreras,San Jerónimo Lídice,0086
MLM-4761586296,casa,7500000.0,200.0,218.0,4,4.0,4.0,19.2894227,-99.1373866,Tlalpan,Rancho Los Colorines,0553
MLM-5058189426,casa,5500000.0,200.0,150.0,2,2.0,2.0,19.4325052,-99.0967315,Venustiano Carranza,Moctezuma 2a Seccion,055A
MLM-4073224280,casa,14690000.0,360.0,357.0,3,3.0,3.0,19.3067981,-99.1981595,Coyoacán,Jardines Del Pedregal De San Ángel,1105
MLM-5858088928,casa,2950000.0,134.0,180.0,3,3.0,1.0,19.409865,-99.0666396,Iztacalco,Agrícola Pantitlan,1179
MLM-5694954632,casa,4650000.0,120.0,260.0,4,3.0,3.0,19.4251494,-99.0635216,Venustiano Carranza,Arenal 1a Sección,1524
MLM-3096838469,casa,8350000.0,323.0,100.0,3,3.0,1.0,19.4952648,-99.1956574,Azcapotzalco,Pasteros,0190
MLM-5617802066,casa,3500000.0,140.0,140.0,5,3.0,3.0,19.4045642,-99.0695045,Iztacalco,Agrícola Oriental,0128
MLM-5331137470,casa,21500000.0,870.0,870.0,4,5.0,5.0,19.3063387,-99.2259026,Tlalpan,Fuentes Del Pedregal,0017
MLM-2943323357,casa,9600000.0,220.0,370.0,4,3.0,3.0,19.4659567,-99.1821386,Azcapotzalco,Clavería,0701
MLM-2859830707,casa,7490000.0,250.0,300.0,4,4.0,4.0,19.3089302,-99.1423807,Coyoacán,Santa Ursula Coapa,1020
MLM-5300454034,casa,6200000.0,250.0,320.0,4,4.0,4.0,19.4596866,-99.0917728,Gustavo A. Madero,San Juan de Aragón I Sección,224A
MLM-5927908436,casa,3250000.0,70.0,90.0,3,3.0,1.0,19.3840964,-99.1061694,Iztacalco,INFONAVIT Iztacalco,0838
MLM-5684582666,casa,29800000.0,428.0,525.0,4,3.0,3.0,19.4031893,-99.2341742,Miguel Hidalgo,Lomas De Reforma,1279
MLM-5563098930,casa,3450000.0,300.0,286.0,6,6.0,1.0,19.217864,-98.9760954,Tláhuac,San Nicolás Tetelco,0734
MLM-4980861132,casa,22000000.0,637.82,815.43,3,3.0,3.0,19.3063387,-99.2259026,Tlalpan,Fuentes Del Pedregal,0017
MLM-5895293062,casa,22000000.0,461.0,597.0,3,5.0,5.0,19.3380144,-99.1674315,Coyoacán,Pedregal De San Francisco,0431
MLM-5461101780,casa,5000000.0,120.0,201.73,4,3.0,3.0,19.4616807,-99.061347,Gustavo A. Madero,Villa De Aragón,2165
MLM-3208194655,casa,7650000.0,1362.0,381.0,2,2.0,1.0,19.298492,-99.0368418,Tláhuac,Santiago Zapotitlan,0039
MLM-2745739483,casa,8000000.0,170.0,170.0,3,3.0,3.0,19.2729757,-99.2260966,Tlalpan,Lomas De Padierna,1477
MLM-2962352819,casa,8800000.0,175.0,256.0,3,4.0,4.0,19.3373427,-99.1615919,Coyoacán,Pedregal De Coyoacán,0446
MLM-5165810698,casa,5500000.0,230.0,230.0,7,2.0,2.0,19.4045642,-99.0695045,Iztacalco,Agrícola Oriental,0128
MLM-5159631624,casa,13800000.0,430.0,470.0,4,4.0,4.0,19.3267187,-99.22256,La Magdalena Contreras,San Jerónimo Lídice,0086
MLM-3113893113,casa,5300000.0,144.0,370.0,3,4.0,4.0,19.275758,-99.2122478,Tlalpan,Miguel Hidalgo 4A Sección,1439
MLM-3025269571,casa,9980000.0,142.0,333.0,2,4.0,4.0,19.4163243,-99.1071279,Venustiano Carranza,Jardín Balbuena,1100
MLM-4991479200,casa,5500000.0,118.0,249.0,3,2.0,2.0,19.273872,-99.1367198,Xochimilco,Santa María Tepepan,0067
MLM-5539564154,casa,20000000.0,507.0,329.0,3,4.0,4.0,19.332148,-99.1478187,Coyoacán,Pueblo La Candelaria,0573
MLM-5430144028,casa,1750000.0,110.0,99.0,3,,3.0,19.3097012,-99.0364435,Tláhuac,Zapotitla,1111
MLM-3232163751,casa,3090000.0,49.0,103.67,3,2.0,2.0,19.4937154,-99.1988243,Azcapotzalco,Miguel Hidalgo,0260
MLM-5506272362,casa,9500000.0,170.0,294.0,3,3.0,3.0,19.3452007,-99.1247366,Coyoacán,Paseos De Taxqueña,0200
MLM-3092039829,casa,3200000.0,120.0,100.0,2,3.0,3.0,19.3874012,-99.0961121,Iztacalco,Gabriel Ramos Millán,0700
MLM-2970381221,casa,3149000.0,120.0,250.0,4,2.0,2.0,19.3089388,-99.0524856,Tláhuac,Ampliación Los Olivos,001A
MLM-5935907962,casa,4850000.0,100.0,149.0,3,3.0,3.0,19.2481076,-99.1233847,Xochimilco,Santiago Tepalcatlalpan,0372
MLM-5429496448,casa,12000000.0,188.0,253.0,3,3.0,3.0,19.3267187,-99.22256,La Magdalena Contreras,San Jerónimo Lídice,0086
MLM-5486303342,departamento,35000000.0,350.0,350.0,10,4.0,4.0,19.43353,-99.190915,Miguel Hidalgo,Polanco,0660
MLM-4971789434,departamento,1099000.0,,55.0,2,2.0,1.0,19.2837458,-99.0433606,Tláhuac,La Draga,1376
MLM-3139779431,departamento,2837923.0,,52.19,2,2.0,,19.4113365,-99.1258365,Venustiano Carranza,Artes Gráficas,1312
MLM-2792147799,departamento,48000000.0,750.0,585.0,5,3.0,3.0,19.2523919,-99.02963,Xochimilco,Del Carmen,0692
MLM-5252371404,departamento,8300000.0,112.0,112.0,0,2.0,2.0,19.3071968,-99.2335239,La Magdalena Contreras,La Magdalena Contreras,0334
MLM-3323497855,departamento,1601400.0,60.0,60.0,3,3.0,1.0,19.2976305,-99.0386994,Tláhuac,Santa Ana Centro,0039
MLM-2691831919,departamento,3350000.0,108.0,108.0,5,2.0,2.0,19.2847777,-99.1958492,Tlalpan,Miguel Hidalgo 2A Sección,0888
MLM-2907994717,departamento,2699940.0,60.0,60.0,0,2.0,2.0,19.4264684,-99.1098256,Venustiano Carranza,Moctezuma,0615
MLM-5832430368,departamento,2490000.0,88.0,88.0,3,3.0,1.0,19.260457,-99.1195844,Xochimilco,Rinconada Del Sur,018A
MLM-5389851598,departamento,4050000.0,81.0,81.0,5,2.0,2.0,19.4666602,-99.1569296,Azcapotzalco,Ampliación Del Gas,0769
MLM-2927491885,departamento,250000.0,60.0,60.0,2,2.0,1.0,19.4024446,-99.1051396,Iztacalco,Granjas México,0132
MLM-2784667973,departamento,11500000.0,450.0,350.0,4,3.0,3.0,19.3159494,-99.2409104,La Magdalena Contreras,Lomas Quebradas,0211
MLM-6020700456,departamento,2950000.0,81.0,81.0,2,2.0,1.0,19.273872,-99.1367198,Xochimilco,Santa María Tepepan,0067
MLM-5015904760,departamento,4300000.0,91.0,91.0,3,2.0,2.0,19.4741382,-99.1854296,Azcapotzalco,Del Recreo,0472
MLM-2544892839,departamento,6300000.0,,113.44,3,1.0,,19.3942366,-99.1670335,Benito Juárez,Colonia Del Valle,0045
MLM-2863344859,departamento,450000.0,65.0,65.0,3,3.0,1.0,19.3275616,-99.1215126,Coyoacán,Colonia Culhuacán CTM Sección X,1745
MLM-2968004285,departamento,3799000.0,,38.5,1,1.0,8.0,19.4332704,-99.1476839,Cuauhtémoc,Juárez,0748
MLM-5936025346,departamento,1899997.0,55.0,55.0,3,2.0,1.0,19.4778665,-99.094982,Gustavo A. Madero,DM Nacional,3407
MLM-5593864868,departamento,2250000.0,58.0,58.0,2,1.0,1.0,19.4013018,-99.1315852,Iztacalco,Viaducto Piedad,0236
MLM-2605810347,departamento,61000000.0,1097.0,684.0,4,3.0,3.0,19.300586,-99.2410192,La Magdalena Contreras,Progreso,0349
MLM-5041780148,departamento,3200000.0,116.0,116.0,0,2.0,2.0,19.291778,-99.2214189,Tlalpan,Héroes De Padierna,0337
MLM-3324206587,departamento,2850000.0,97.0,97.0,4,3.0,1.0,19.4485788,-99.1003256,Venustiano Carranza,Ampliación Simón Bolívar,0070
MLM-3323851515,departamento,2500000.0,60.0,60.0,2,2.0,1.0,19.2694917,-99.1213996,Xochimilco,Potrero De San Bernardino,0086
MLM-2773292811,departamento,3037000.0,58.0,58.0,2,2.0,1.0,19.4024446,-99.1051396,Iztacalco,Granjas México,0132
MLM-4826511770,departamento,19051000.0,381.0,381.0,8,4.0,4.0,19.3267187,-99.22256,La Magdalena Contreras,San Jerónimo Lídice,0086
MLM-4378917954,departamento,1200000.0,55.0,55.0,2,2.0,1.0,19.2837458,-99.0433606,Tláhuac,La Draga,1376
MLM-4995504842,departamento,9570000.0,201.37,201.37,4,3.0,3.0,19.2998707,-99.1403202,Tlalpan,Villa Tlalpan,0214
MLM-3340853135,departamento,3410827.0,60.0,60.0,3,2.0,2.0,19.4264684,-99.1098256,Venustiano Carranza,Moctezuma,0615
MLM-3039046689,departamento,4219616.0,75.0,75.0,2,2.0,1.0,19.5052162,-99.1257391,Gustavo A. Madero,Residencial Zacatenco,060A
MLM-4826499304,departamento,14500000.0,247.0,247.0,4,2.0,2.0,19.3267187,-99.22256,La Magdalena Contreras,San Jerónimo Lídice,0086
MLM-2984750401,departamento,8400000.0,500.0,500.0,4,3.0,3.0,19.3063387,-99.2259026,Tlalpan,Fuentes Del Pedregal,0017
MLM-5451524618,departamento,1800000.0,70.0,70.0,3,2.0,1.0,19.4527151,-99.1187688,Venustiano Carranza,Popular Rastro,0032
MLM-5480357376,departamento,3350000.0,90.0,90.0,4,2.0,2.0,19.2678229,-99.1255109,Xochimilco,La Noria,0160
MLM-5935992080,departamento,2589136.0,30.0,30.0,2,1.0,1.0,19.3042136,-99.1898531,Coyoacán,El Reloj,1105
MLM-5563654014,departamento,1960000.0,24.0,24.0,1,1.0,1.0,19.4379452,-99.1624218,Cuauhtémoc,San Rafael,0682
MLM-2953449283,departamento,7100000.0,71.0,71.0,3,2.0,2.0,19.3899608,-99.1213551,Iztacalco,Benito Juárez,0787
MLM-2612080459,departamento,1370500.0,58.0,58.0,3,2.0,1.0,19.3582455,-99.0679936,Iztapalapa,Eva Samano De López Mateos,1015
MLM-5991063912,casa,4590000.0,280.0,280.0,4,3.0,3.0,19.3231539,-99.2414176,La Magdalena Contreras,La Malinche,0156
MLM-3058226401,departamento,1250000.0,54.0,54.0,3,2.0,1.0,19.298492,-99.0368418,Tláhuac,Santiago Zapotitlan,0039
MLM-3014155793,departamento,17400000.0,554.0,554.0,9,4.0,4.0,19.3063387,-99.2259026,Tlalpan,Fuentes Del Pedregal,0017
MLM-3340995229,departamento,2380000.0,60.0,60.0,2,2.0,2.0,19.409865,-99.0666396,Iztacalco,Agrícola Pantitlan,1179
MLM-2773623365,departamento,2120000.0,75.0,75.0,3,3.0,1.0,19.3373388,-99.1072828,Iztapalapa,Pueblo Culhuacán,1778
MLM-5218013690,departamento,13480000.0,290.0,290.0,0,3.0,3.0,19.43353,-99.190915,Miguel Hidalgo,Polanco,0660
MLM-2984762159,departamento,18850000.0,235.0,235.0,4,3.0,3.0,19.3026187,-99.228181,Tlalpan,Los Framboyanes,1388
MLM-4675900944,departamento,3500000.0,79.78,79.78,3,2.0,2.0,19.4108977,-99.121726,Venustiano Carranza,Jamaica,1401
MLM-2931899551,departamento,3500000.0,80.85,80.85,7,2.0,2.0,19.273872,-99.1367198,Xochimilco,Santa María Tepepan,0067
MLM-2784669495,departamento,6200000.0,,138.0,4,3.0,3.0,19.3042136,-99.1898531,Coyoacán,El Reloj,1105
MLM-6020768316,departamento,2997000.0,60.0,60.0,4,2.0,2.0,19.4013018,-99.1315852,Iztacalco,Viaducto Piedad,0236
MLM-5570006302,departamento,9890000.0,125.0,125.0,4,2.0,2.0,19.4320972,-99.1771646,Miguel Hidalgo,Anzures,0711
MLM-2817780323,departamento,1400000.0,46.65,46.65,1,2.0,1.0,19.2840485,-99.0423204,Tláhuac,Colonia La Draga,1376
MLM-3029964031,departamento,5970000.0,180.0,180.0,4,2.0,2.0,19.3063387,-99.2259026,Tlalpan,Fuentes Del Pedregal,0017
MLM-5991381162,departamento,1750000.0,48.0,42.0,1,1.0,1.0,19.4305791,-99.1073405,Venustiano Carranza,Moctezuma 1a Seccion,0530
MLM-2982407745,departamento,2500000.0,75.0,75.0,3,2.0,1.0,19.2481076,-99.1233847,Xochimilco,Santiago Tepalcatlalpan,0372
MLM-5832434224,departamento,4300000.0,86.0,86.0,2,2.0,2.0,19.3459507,-99.1452942,Coyoacán,Parque San Andrés,0164
MLM-3323497691,departamento,1624204.0,52.0,52.0,2,2.0,1.0,19.3333593,-99.0844424,Iztapalapa,Bellavista,5215
MLM-5743879936,casa,5990000.0,186.0,186.0,6,2.0,2.0,19.3267187,-99.22256,La Magdalena Contreras,San Jerónimo Aculco,0086
MLM-5872524614,departamento,5296000.0,88.0,88.0,2,2.0,2.0,19.4402557,-99.1926322,Miguel Hidalgo,Granada,0571
MLM-2941406331,departamento,17450000.0,,478.96,5,4.0,4.0,19.3063387,-99.2259026,Tlalpan,Fuentes Del Pedregal,0017
MLM-3355994917,departamento,3150000.0,80.0,80.0,3,3.0,1.0,19.4325052,-99.0967315,Venustiano Carranza,Moctezuma 2a Seccion,055A
MLM-2987651891,departamento,5695000.0,95.0,95.0,4,2.0,2.0,19.3905208,-99.1579016,Benito Juárez,Narvarte Poniente,0257
MLM-5113442646,departamento,2999999.0,36.61,32.14,1,1.0,1.0,19.4360737,-99.1539172,Cuauhtémoc,Tabacalera,070A
MLM-4537388706,departamento,4550000.0,57.0,57.0,1,0.0,1.0,19.3267187,-99.22256,La Magdalena Contreras,San Jerónimo Aculco,0086
MLM-3045643843,departamento,945000.0,45.0,45.0,2,2.0,1.0,19.303188,-99.0490881,Tláhuac,Santa Ana Poniente,1338
MLM-5407179686,departamento,4250000.0,82.0,82.0,4,2.0,2.0,19.3250639,-99.1100052,Coyoacán,Culhuacán CTM Sección X,1321
MLM-5413687622,departamento,1894903.0,55.0,55.0,3,3.0,1.0,19.5332017,-99.1496192,Gustavo A. Madero,Zona Escolar,2786
MLM-4531171910,departamento,1407000.0,46.0,46.0,3,2.0,1.0,19.409865,-99.0666396,Iztacalco,Agrícola Pantitlan,1179
MLM-5970492264,departamento,1350000.0,50.0,50.0,2,2.0,1.0,19.3310619,-99.0214906,Iztapalapa,La Era,3276
MLM-4995461408,departamento,6800000.0,177.0,177.0,4,3.0,3.0,19.3063387,-99.2259026,Tlalpan,Fuentes Del Pedregal,0017
MLM-5714803994,departamento,6525000.0,115.0,115.0,3,2.0,2.0,19.4163243,-99.1071279,Venustiano Carranza,Jardín Balbuena,1100
MLM-4393186902,departamento,4490000.0,65.0,65.0,2,2.0,1.0,19.3760816,-99.1550215,Benito Juárez,Letran Valle,0628
MLM-5563747752,departamento,2676987.0,32.0,34.0,1,1.0,1.0,19.4360737,-99.1539172,Cuauhtémoc,Tabacalera,070A
MLM-2622579163,departamento,1781500.0,50.0,50.0,3,2.0,1.0,19.409865,-99.0666396,Iztacalco,Agrícola Pantitlan,1179
MLM-2839914769,departamento,1305600.0,47.0,47.0,2,2.0,1.0,19.3427269,-99.0227658,Iztapalapa,Citlalli,2776
MLM-5762061084,departamento,24900000.0,336.0,336.0,5,2.0,2.0,19.43353,-99.190915,Miguel Hidalgo,Polanco,0660
MLM-2945510053,departamento,3300000.0,72.0,72.0,2,2.0,1.0,19.4325052,-99.0967315,Venustiano Carranza,Moctezuma 2a Seccion,055A
MLM-3288552797,casa,4500000.0,410.0,410.0,4,4.0,1.0,19.245023,-99.114547,Xochimilco,San Lucas Xochimanca,0391
MLM-5857720992,departamento,3850000.0,56.0,56.0,2,1.0,1.0,19.3896634,-99.1738081,Benito Juárez,Nápoles,0384
MLM-2940984533,departamento,2500000.0,84.89,67.84,3,2.0,2.0,19.4045642,-99.0695045,Iztacalco,Agrícola Oriental,0128
MLM-5527590268,departamento,2596000.0,70.0,70.0,3,3.0,1.0,19.3431442,-99.0579853,Iztapalapa,Ermita Iztapalapa,1640
MLM-3324702317,departamento,14500000.0,210.0,210.0,5,2.0,2.0,19.43353,-99.190915,Miguel Hidalgo,Polanco,0660
MLM-3348496049,departamento,4300000.0,84.0,84.0,4,2.0,2.0,19.2678229,-99.1255109,Xochimilco,La Noria,0160
MLM-5906374672,departamento,6699997.0,121.0,121.0,7,3.0,3.0,19.3793936,-99.1402,Benito Juárez,Nativitas,0539
MLM-2662497161,departamento,2063500.0,54.0,54.0,3,2.0,1.0,19.409865,-99.0666396,Iztacalco,Agrícola Pantitlan,1179
MLM-5915724824,departamento,5500000.0,,155.0,3,3.0,3.0,19.3074695,-99.2294076,La Magdalena Contreras,Pedregal 2,0508
MLM-3342317241,casa,39500000.0,395.0,395.0,0,3.0,3.0,19.43353,-99.190915,Miguel Hidalgo,Polanco,0660
MLM-5297003486,departamento,1950000.0,,49.0,2,2.0,1.0,19.4916977,-99.1772758,Azcapotzalco,Santa Catarina,0222
MLM-2926712681,departamento,13200000.0,268.0,130.0,2,3.0,3.0,19.3694718,-99.1771253,Benito Juárez,Actipan,0806
MLM-4712979598,departamento,4500000.0,135.0,135.0,0,2.0,2.0,19.303295,-99.185039,Coyoacán,Insurgentes Cuicuilco,1529
MLM-3071876151,departamento,7500000.0,115.0,115.0,1,1.0,1.0,19.4093714,-99.1712126,Cuauhtémoc,Hipódromo,1341
MLM-5743882274,departamento,2000000.0,60.0,60.0,4,3.0,1.0,19.5184262,-99.1563715,Gustavo A. Madero,Progreso Nacional,0440
MLM-3161184781,departamento,3100000.0,52.0,52.0,4,2.0,2.0,19.4024446,-99.1051396,Iztacalco,Granjas México,0132
MLM-3240181015,departamento,1150000.0,60.0,60.0,2,2.0,1.0,19.2411387,-98.9960494,Tláhuac,San Juan Ixtayopan,1018
MLM-5809941392,departamento,3000000.0,56.0,56.0,2,2.0,1.0,19.4325052,-99.0967315,Venustiano Carranza,Moctezuma 2a Seccion,055A
MLM-5187306934,departamento,2700000.0,,80.0,0,2.0,2.0,19.2481076,-99.1233847,Xochimilco,Santiago Tepalcatlalpan,0372
MLM-6028540768,departamento,8300000.0,,91.0,3,2.0,2.0,19.4092659,-99.1795821,Cuauhtémoc,Hipodromo Condesa,1411
MLM-5815151084,departamento,1050000.0,43.0,43.0,2,2.0,1.0,19.3328823,-99.0611774,Iztapalapa,Presidentes De México,5018
MLM-6014641206,departamento,3200000.0,85.0,85.0,5,2.0,2.0,19.3100686,-99.2290272,La Magdalena Contreras,Santa Teresa,0495
MLM-2988362327,departamento,14999990.0,233.0,233.0,4,3.0,3.0,19.3063387,-99.2259026,Tlalpan,Fuentes Del Pedregal,0017
MLM-3240528629,departamento,2160000.0,56.0,56.0,2,2.0,1.0,19.4325052,-99.0967315,Venustiano Carranza,Moctezuma 2a Seccion,055A
MLM-5985603030,departamento,3390000.0,,69.0,3,2.0,2.0,19.3908412,-99.1420033,Benito Juárez,Postal,0280
MLM-5723728936,departamento,1900000.0,68.0,68.0,4,3.0,1.0,19.5052459,-99.1216092,Gustavo A. Madero,San Pedro Zacatenco,0597
MLM-5980286918,departamento,2729000.0,64.0,64.0,2,2.0,2.0,19.4045642,-99.0695045,Iztacalco,Agrícola Oriental,0128
MLM-5192025354,departamento,8390000.0,290.0,290.0,6,3.0,3.0,19.3267187,-99.22256,La Magdalena Contreras,San Jerónimo Lídice,0086
MLM-5856699774,departamento,1450000.0,53.0,53.0,2,2.0,1.0,19.2952462,-99.0586167,Tláhuac,La Turba,1253
MLM-2878181461,departamento,2150000.0,57.0,57.0,3,2.0,1.0,19.4950374,-99.1802452,Azcapotzalco,Santa Bárbara,0133
MLM-3136216265,departamento,4730000.0,70.0,70.0,3,2.0,1.0,19.3042136,-99.1898531,Coyoacán,El Reloj,1105
MLM-5368473650,departamento,2400000.0,63.0,63.0,4,2.0,2.0,19.4617797,-99.1241385,Gustavo A. Madero,7 de Noviembre,1773
MLM-4743997004,departamento,1050000.0,45.0,45.0,2,2.0,1.0,19.3744712,-99.1341857,Iztapalapa,Zacahuitzco,0483
MLM-2735868873,departamento,3850000.0,109.0,109.0,5,2.0,2.0,19.3267187,-99.22256,La Magdalena Contreras,San Jerónimo Aculco,0086
MLM-6013072468,departamento,3300000.0,87.0,87.0,2,1.0,1.0,19.4497398,-99.2150977,Miguel Hidalgo,Lomas De Sotelo,0321
MLM-5934852576,departamento,1100000.0,63.0,78.0,2,2.0,1.0,19.2837458,-99.0433606,Tláhuac,La Draga,1376
MLM-3205938349,departamento,2800000.0,77.0,77.0,3,3.0,1.0,19.4325052,-99.0967315,Venustiano Carranza,Moctezuma 2a Seccion,055A
MLM-5985603068,departamento,5750000.0,,170.0,4,3.0,3.0,19.3698638,-99.1609858,Benito Juárez,Santa Cruz Atoyac,083A
MLM-3157295655,departamento,5300000.0,93.0,93.0,5,2.0,2.0,19.3354047,-99.153659,Coyoacán,Los Reyes,0450
MLM-2718608817,departamento,1748500.0,60.0,60.0,3,2.0,1.0,19.4740027,-99.1255167,Gustavo A. Madero,Santa Rosa,1595
MLM-3240793359,departamento,2650000.0,60.0,60.0,2,2.0,1.0,19.4045642,-99.0695045,Iztacalco,Agrícola Oriental,0128
MLM-4833769348,departamento,1650000.0,59.0,59.0,2,2.0,1.0,19.3760519,-99.060894,Iztapalapa,Leyes De Reforma,547A
MLM-5179292570,departamento,5490000.0,132.0,132.0,3,2.0,2.0,19.3074695,-99.2294076,La Magdalena Contreras,Pedregal 2,0508
MLM-6011184440,departamento,3310000.0,110.0,110.0,2,2.0,2.0,19.2701141,-99.2407087,Tlalpan,Bosques Del Pedregal,1509
MLM-5878269174,departamento,2300000.0,60.0,60.0,3,3.0,1.0,19.4163243,-99.1071279,Venustiano Carranza,Jardín Balbuena,1100
MLM-5296395932,departamento,2600000.0,,62.4,0,2.0,1.0,19.2481076,-99.1233847,Xochimilco,Santiago Tepalcatlalpan,0372
MLM-5072002956,departamento,910000.0,47.0,47.0,2,2.0,1.0,19.3263051,-99.0410691,Iztapalapa,Desarrollo Urbano Quetzalcóatl,3064
MLM-2386576015,departamento,8300000.0,193.0,193.0,2,2.0,2.0,19.3177076,-99.2235278,La Magdalena Contreras,Héroes De Padierna,0194
MLM-6004336062,departamento,2500000.0,65.0,65.0,3,3.0,1.0,19.2580172,-99.1172212,Xochimilco,Jardines Del Sur,0315
MLM-2907464873,departamento,2895000.0,60.0,60.0,2,2.0,2.0,19.4646427,-99.111975,Gustavo A. Madero,Bondojito,2061
MLM-3356302935,departamento,1850000.0,70.0,70.0,2,2.0,1.0,19.409865,-99.0666396,Iztacalco,Agrícola Pantitlan,1179
MLM-5560667134,departamento,1264800.0,54.0,54.0,2,2.0,1.0,19.334449,-99.0803077,Iztapalapa,San Juan Xalpa,2831
MLM-2662431579,departamento,2535860.0,90.0,90.0,5,2.0,2.0,19.2689087,-99.2099933,Tlalpan,Cruz Del Farol,1462
MLM-4351465930,departamento,1550000.0,68.0,68.0,2,2.0,1.0,19.4274701,-99.0610236,Venustiano Carranza,Arenal Puerto Aéreo,1505
MLM-3341233715,departamento,6200000.0,85.0,85.0,4,2.0,2.0,19.3601941,-99.1668669,Benito Juárez,Xoco,0967
MLM-5992186584,departamento,2995000.0,85.0,85.0,2,1.0,1.0,19.4462672,-99.1526509,Cuauhtémoc,Buenavista,049A
MLM-3081812227,departamento,4813900.0,65.0,65.0,4,2.0,2.0,19.5057393,-99.1480141,Gustavo A. Madero,Lindavista Norte,0525
MLM-5227913404,departamento,2520000.0,66.0,66.0,3,2.0,1.0,19.4024446,-99.1051396,Iztacalco,Granjas México,0132
MLM-2864923755,departamento,1928842.62,68.0,68.0,2,2.0,1.0,19.3310619,-99.0214906,Iztapalapa,La Era,3276
MLM-2979688957,departamento,2547000.0,72.0,72.0,0,2.0,0.0,19.4442934,-99.1091012,Venustiano Carranza,20 de Noviembre,0278
MLM-5390321768,departamento,2200000.0,73.0,73.0,5,2.0,2.0,19.2459053,-99.0739616,Xochimilco,Santa Cruz Acalpixca,1154
MLM-5823398292,departamento,3905000.0,,92.0,2,1.0,1.0,19.4592384,-99.1750128,Azcapotzalco,Obrero Popular,0824
MLM-2784668643,departamento,13750000.0,214.0,214.0,3,3.0,3.0,19.3942366,-99.1670335,Benito Juárez,Colonia Del Valle,0045
MLM-6013090594,departamento,4250000.0,51.0,51.0,0,1.0,1.0,19.4058335,-99.1633037,Cuauhtémoc,Roma Sur,145A
MLM-5858797128,departamento,2600000.0,70.0,70.0,3,3.0,1.0,19.5137085,-99.1348947,Gustavo A. Madero,La Purísima Ticoman,0559
MLM-5758062172,departamento,1175000.0,70.0,70.0,2,2.0,1.0,19.334449,-99.0803077,Iztapalapa,San Juan Xalpa,2831
MLM-5594243864,departamento,4777000.0,71.0,71.0,4,2.0,2.0,19.3267187,-99.22256,La Magdalena Contreras,San Jerónimo Lídice,0086
MLM-6010700916,departamento,24750000.0,285.0,285.0,0,2.0,2.0,19.43353,-99.190915,Miguel Hidalgo,Polanco,0660
MLM-5731965850,departamento,2570000.0,87.0,87.0,3,2.0,2.0,19.2641543,-99.1180021,Xochimilco,Huichapan,0160
MLM-3323478253,departamento,3997957.0,43.0,43.0,2,1.0,1.0,19.4379452,-99.1624218,Cuauhtémoc,San Rafael,0682
MLM-3239973901,departamento,3250000.0,74.0,74.0,3,2.0,4.0,19.4045642,-99.0695045,Iztacalco,Agrícola Oriental,0128
MLM-5594243640,departamento,4779359.0,88.0,88.0,4,2.0,2.0,19.3267187,-99.22256,La Magdalena Contreras,San Jerónimo Lídice,0086
MLM-5124981024,departamento,22500000.0,,229.0,4,3.0,3.0,19.43353,-99.190915,Miguel Hidalgo,Polanco,0660
MLM-5658638408,departamento,2490000.0,70.0,70.0,3,3.0,1.0,19.275231,-99.1719343,Tlalpan,Tlalcoligia,1119
MLM-5771460156,departamento,1790000.0,56.0,56.0,2,2.0,1.0,19.453916,-99.1230904,Venustiano Carranza,Nicolás Bravo,0032
MLM-5934629714,departamento,4700000.0,80.0,75.0,2,2.0,2.0,19.5052162,-99.1257391,Gustavo A. Madero,Residencial Zacatenco,060A
MLM-3188970231,departamento,2850000.0,73.0,73.0,3,3.0,1.0,19.2724519,-99.1247548,Xochimilco,Las Peritas,107A
MLM-3246458211,departamento,8990000.0,115.0,115.0,5,2.0,2.0,19.386924,-99.1636016,Benito Juárez,Del Valle Centro,0416
MLM-2917664793,departamento,4200000.0,64.0,64.0,2,2.0,1.0,19.4183227,-99.1625655,Cuauhtémoc,Roma Norte,1002
MLM-2784655303,departamento,15500000.0,,220.0,4,3.0,3.0,19.43353,-99.190915,Miguel Hidalgo,Polanco,0660
MLM-5402546924,departamento,12950000.0,162.0,156.0,2,2.0,2.0,19.3026187,-99.228181,Tlalpan,Los Framboyanes,1388
MLM-5444806394,departamento,4500000.0,65.0,60.0,2,2.0,2.0,19.3890898,-99.1743711,Benito Juárez,Ampliación Napoles,0384
MLM-6019340542,casa,6000000.0,265.0,265.0,9,4.0,4.0,19.3190039,-99.1278899,Coyoacán,Los Cipreses,0889
MLM-5193006104,departamento,5800000.0,110.0,110.0,4,2.0,2.0,19.4092659,-99.1795821,Cuauhtémoc,Hipodromo Condesa,1411
MLM-5569358478,departamento,3300000.0,64.0,64.0,3,2.0,2.0,19.4762375,-99.0838386,Gustavo A. Madero,Ampliación San Juan de Aragón,1913
MLM-3183282083,departamento,2720000.0,60.69,60.69,1,1.0,1.0,19.4013018,-99.1315852,Iztacalco,Viaducto Piedad,0236
MLM-2907981877,departamento,7165000.0,166.0,166.0,0,3.0,3.0,19.3267187,-99.22256,La Magdalena Contreras,San Jerónimo Lídice,0086
MLM-3262991449,departamento,4219760.0,110.0,110.0,5,2.0,2.0,19.2670201,-99.1514186,Tlalpan,Fuentes De Tepepan,2140
MLM-3227297531,departamento,1200000.0,33.0,33.0,2,1.0,1.0,19.4305791,-99.1073405,Venustiano Carranza,Moctezuma 1a Seccion,0530
MLM-6021502904,departamento,3550000.0,93.0,87.0,3,2.0,2.0,19.2678229,-99.1255109,Xochimilco,La Noria,0160
MLM-3136230043,departamento,3905000.0,92.0,92.0,2,1.0,1.0,19.4659567,-99.1821386,Azcapotzalco,Clavería,0701
MLM-5561565228,departamento,3963783.0,85.0,85.0,3,2.0,2.0,19.3932666,-99.1502584,Benito Juárez,Colonia Narvarte Oriente,0098
MLM-3338441645,departamento,4993600.0,76.0,76.0,3,2.0,2.0,19.3042136,-99.1898531,Coyoacán,El Reloj,1105
MLM-2907618419,departamento,2299999.0,64.0,64.0,4,3.0,1.0,19.3769065,-99.1173931,Iztapalapa,Ampliación El Triunfo,0337
MLM-2907981847,departamento,5900000.0,85.0,85.0,0,2.0,2.0,19.3071968,-99.2335239,La Magdalena Contreras,La Magdalena Contreras,0334
MLM-2605733205,departamento,1732500.0,34.0,34.0,2,1.0,1.0,19.4553604,-99.1907173,Miguel Hidalgo,Tacuba,0143
MLM-5147252856,departamento,2325000.0,64.0,64.0,3,2.0,2.0,19.412135,-99.0759808,Venustiano Carranza,Ampliación Aviación Civil,1295
MLM-5979788824,departamento,2400000.0,60.0,60.0,2,2.0,1.0,19.2678229,-99.1255109,Xochimilco,La Noria,0160
MLM-5983778728,departamento,5900000.0,166.0,166.0,3,4.0,4.0,19.303295,-99.185039,Coyoacán,Insurgentes Cuicuilco,1529
MLM-2745118549,departamento,1795000.0,46.0,46.0,2,2.0,1.0,19.4045642,-99.0695045,Iztacalco,Agrícola Oriental,0128
MLM-4841747260,departamento,2200000.0,72.0,72.0,2,2.0,1.0,19.3632066,-99.0709442,Iztapalapa,Leyes de Reforma 1a Sección,3670
MLM-5935902020,departamento,7143000.0,135.0,135.0,0,3.0,3.0,19.3267187,-99.22256,La Magdalena Contreras,San Jerónimo Lídice,0086
MLM-5412815500,departamento,26000000.0,405.0,405.0,4,3.0,3.0,19.43353,-99.190915,Miguel Hidalgo,Polanco,0660
MLM-3065988505,departamento,5800000.0,93.0,93.0,2,2.0,1.0,19.2944916,-99.1628698,Tlalpan,Toriello Guerra,0407
MLM-3288892441,departamento,1790000.0,51.0,51.0,0,2.0,1.0,19.4527151,-99.1187688,Venustiano Carranza,Popular Rastro,0032
MLM-6032803308,departamento,1730000.0,68.0,68.0,2,2.0,1.0,19.2437679,-99.1020236,Xochimilco,San Lorenzo Atemoaya,0438
MLM-3125686543,departamento,1400000.0,36.0,36.0,1,1.0,1.0,19.4741382,-99.1854296,Azcapotzalco,Del Recreo,0472
MLM-2782977297,departamento,7767000.0,80.0,80.0,1,2.0,2.0,19.3601941,-99.1668669,Benito Juárez,Xoco,0967
MLM-5596430884,departamento,3000000.0,97.0,97.0,3,2.0,1.0,19.346188,-99.1356291,Coyoacán,Campestre Churubusco,0179
MLM-2784802885,departamento,10800000.0,150.0,150.0,4,3.0,3.0,19.4183227,-99.1625655,Cuauhtémoc,Roma Norte,1002
MLM-5233491396,departamento,2200000.0,59.0,59.0,2,2.0,2.0,19.409865,-99.0666396,Iztacalco,Agrícola Pantitlan,1179
MLM-2907981815,departamento,8700000.0,160.0,160.0,0,3.0,3.0,19.3267187,-99.22256,La Magdalena Contreras,San Jerónimo Lídice,0086
MLM-2984762133,departamento,22500000.0,273.0,223.0,4,3.0,3.0,19.43353,-99.190915,Miguel Hidalgo,Polanco,0660
MLM-5991344948,departamento,2750000.0,51.0,51.0,1,2.0,1.0,19.4264684,-99.1098256,Venustiano Carranza,Moctezuma,0615
MLM-5015908254,departamento,6400000.0,144.0,144.0,4,2.0,2.0,19.3788814,-99.1587376,Benito Juárez,Del Valle Norte,0628
MLM-4995492024,departamento,4642000.0,83.0,84.0,3,2.0,2.0,19.4489743,-99.1571438,Cuauhtémoc,Santa María La Ribera,0485
MLM-3314480025,departamento,1375000.0,54.0,54.0,2,2.0,1.0,19.334449,-99.0803077,Iztapalapa,San Juan Xalpa,2831
MLM-5832748250,departamento,2900000.0,74.0,74.0,2,2.0,1.0,19.333359,-99.2115168,La Magdalena Contreras,Unidad Independencia IMSS,0029
MLM-2605746999,departamento,16000000.0,170.0,170.0,4,2.0,2.0,19.4210896,-99.2184637,Miguel Hidalgo,Lomas De Chapultepec,0919
MLM-5235937426,departamento,3300000.0,60.0,60.0,3,2.0,1.0,19.3354047,-99.153659,Coyoacán,Los Reyes,0450
MLM-4995461994,departamento,9850000.0,120.9,120.9,3,2.0,2.0,19.4183227,-99.1625655,Cuauhtémoc,Roma Norte,1002
MLM-5153842400,departamento,1090000.0,40.0,40.0,1,1.0,1.0,19.4679344,-99.1422687,Gustavo A. Madero,Vallejo,1735
MLM-5400684400,departamento,2900000.0,116.0,71.0,2,2.0,3.0,19.3884796,-99.1275148,Iztacalco,Santiago Sur,0753
MLM-2784656661,departamento,3150000.0,49.77,49.77,2,1.0,1.0,19.4489743,-99.1571438,Cuauhtémoc,Santa María La Ribera,0485
MLM-5412750122,departamento,1590000.0,46.0,46.0,2,2.0,1.0,19.3600219,-99.1265135,Iztapalapa,Cacama,091A
MLM-4761549950,departamento,10700000.0,,243.0,3,2.0,2.0,19.4210896,-99.2184637,Miguel Hidalgo,Lomas De Chapultepec,0919
MLM-4995507682,departamento,4600000.0,,105.0,4,2.0,2.0,19.419664,-99.1160417,Venustiano Carranza,Aeronautica Militar,0719
MLM-5803149352,departamento,1900000.0,56.0,56.0,3,2.0,1.0,19.3275616,-99.1215126,Coyoacán,Culhuacán CTM Sección I,1745
MLM-5874831992,departamento,4000000.0,63.87,120.0,3,2.0,2.0,19.4489743,-99.1571438,Cuauhtémoc,Santa María La Ribera,0485
MLM-5178859272,departamento,1650000.0,,51.0,2,2.0,1.0,19.4693271,-99.0845932,Gustavo A. Madero,San Juan De Aragón,2945
MLM-4971663144,departamento,2452006.0,48.0,48.0,3,2.0,1.0,19.4024446,-99.1051396,Iztacalco,Granjas México,0132
MLM-5412803798,departamento,10500000.0,181.0,181.0,4,3.0,3.0,19.43353,-99.190915,Miguel Hidalgo,Polanco,0660
MLM-5960067960,departamento,5500000.0,93.0,93.0,2,2.0,1.0,19.2944916,-99.1628698,Tlalpan,Toriello Guerra,0407
MLM-2938256693,departamento,2200000.0,67.0,67.0,2,2.0,1.0,19.419664,-99.1160417,Venustiano Carranza,Aeronautica Militar,0719
MLM-2758365011,departamento,3100000.0,64.0,64.0,4,2.0,2.0,19.4837742,-99.2101951,Azcapotzalco,San Pedro Xalpa,1095
MLM-5298377450,departamento,5500000.0,115.0,115.0,4,3.0,1.0,19.3532702,-99.1731614,Coyoacán,Del Carmen,0018
MLM-4995493348,departamento,4449000.0,64.0,66.0,3,2.0,2.0,19.4462672,-99.1526509,Cuauhtémoc,Buenavista,049A
MLM-3263007629,departamento,1850000.0,68.81,68.81,2,2.0,1.0,19.5052459,-99.1216092,Gustavo A. Madero,San Pedro Zacatenco,0597
MLM-5240948076,departamento,3704210.0,60.0,60.0,3,2.0,2.0,19.4024446,-99.1051396,Iztacalco,Granjas México,0132
MLM-5412790186,departamento,25000000.0,336.0,336.0,4,3.0,3.0,19.43353,-99.190915,Miguel Hidalgo,Polanco,0660
MLM-2956982349,departamento,18850000.0,235.0,235.0,3,3.0,3.0,19.3026187,-99.228181,Tlalpan,Los Framboyanes,1388
MLM-5668988320,departamento,5280000.0,,129.54,4,3.0,1.0,19.3788814,-99.1587376,Benito Juárez,Del Valle Norte,0628
MLM-2984775193,departamento,5938877.0,42.0,42.0,2,1.0,1.0,19.4183227,-99.1625655,Cuauhtémoc,Roma Norte,1002
MLM-2847955771,departamento,2650000.0,60.0,60.0,2,2.0,2.0,19.4787952,-99.1460154,Gustavo A. Madero,Magdalena De Las Salinas,1383
MLM-3013896121,departamento,3100000.0,60.0,60.0,4,2.0,2.0,19.4024446,-99.1051396,Iztacalco,Granjas México,0132
MLM-5555288990,departamento,1600000.0,49.0,49.0,7,2.0,1.0,19.3711176,-99.0765271,Iztapalapa,Guadalupe Del Moral,0553
MLM-3049625847,departamento,55000000.0,,520.0,5,4.0,4.0,19.43353,-99.190915,Miguel Hidalgo,Polanco,0660
MLM-5326345956,departamento,12550000.0,146.0,146.0,2,2.0,2.0,19.3026187,-99.228181,Tlalpan,Los Framboyanes,1388
MLM-3081817843,departamento,3200000.0,57.0,57.0,3,2.0,1.0,19.4806399,-99.1915215,Azcapotzalco,San Francisco Tetecala,1023
MLM-3129904951,departamento,3200000.0,78.0,78.0,2,2.0,2.0,19.3452007,-99.1247366,Coyoacán,Paseos De Taxqueña,0200
MLM-4995495110,departamento,4899000.0,65.0,65.0,3,2.0,2.0,19.4462672,-99.1526509,Cuauhtémoc,Buenavista,049A
MLM-3161580851,departamento,3300000.0,75.0,75.0,2,2.0,2.0,19.5052162,-99.1257391,Gustavo A. Madero,Residencial Zacatenco,060A
MLM-5438855200,departamento,2428000.0,60.0,60.0,2,2.0,2.0,19.409865,-99.0666396,Iztacalco,Agrícola Pantitlan,1179
MLM-2978474477,departamento,4899000.0,87.13,87.13,2,2.0,2.0,19.4402557,-99.1926322,Miguel Hidalgo,Granada,0571
MLM-3086316205,departamento,17300000.0,,235.0,5,4.0,4.0,19.3665269,-99.1854833,Benito Juárez,San José Insurgentes,090A
MLM-5412790350,departamento,7300000.0,,109.16,4,2.0,2.0,19.4092659,-99.1795821,Cuauhtémoc,Hipodromo Condesa,1411
MLM-5639892024,departamento,2600000.0,68.0,68.0,2,2.0,2.0,19.409865,-99.0666396,Iztacalco,Agrícola Pantitlan,1179
MLM-2605897833,departamento,12490000.0,245.0,245.0,4,3.0,3.0,19.3071968,-99.2335239,La Magdalena Contreras,La Magdalena Contreras,0334
MLM-4761586236,departamento,10000000.0,284.0,294.0,4,2.0,2.0,19.43353,-99.190915,Miguel Hidalgo,Polanco,0660
MLM-5287919608,departamento,2200000.0,48.0,48.0,2,2.0,1.0,19.4206277,-99.0888817,Venustiano Carranza,Federal,1011
MLM-3239067181,departamento,4249000.0,97.0,97.0,5,2.0,2.0,19.4741382,-99.1854296,Azcapotzalco,Del Recreo,0472
MLM-3136273273,departamento,5100000.0,95.0,95.0,2,2.0,2.0,19.3060161,-99.1757027,Coyoacán,Pedregal De Carrasco,1571
MLM-3227413679,departamento,2598000.0,74.0,74.0,2,2.0,2.0,19.3071322,-99.2450982,La Magdalena Contreras,Pueblo Nuevo Bajo,0300
MLM-5412790176,departamento,32000000.0,505.0,343.0,3,2.0,2.0,19.43353,-99.190915,Miguel Hidalgo,Polanco,0660
MLM-5395506000,departamento,2348000.0,44.0,44.0,3,2.0,1.0,19.4206277,-99.0888817,Venustiano Carranza,Federal,1011
MLM-3029953203,departamento,2598726.0,56.0,56.0,2,2.0,2.0,19.4786291,-99.1772015,Azcapotzalco,Libertad,0491
MLM-4995529044,departamento,10900000.0,185.0,185.0,4,2.0,2.0,19.3788814,-99.1587376,Benito Juárez,Del Valle Norte,0628
MLM-2745197379,departamento,6200000.0,180.0,90.0,3,2.0,2.0,19.303295,-99.185039,Coyoacán,Insurgentes Cuicuilco,1529
MLM-4995504264,departamento,9500000.0,203.0,95.0,3,2.0,2.0,19.4379452,-99.1624218,Cuauhtémoc,San Rafael,0682
MLM-5199983728,departamento,3218999.0,58.0,58.0,4,2.0,2.0,19.4013018,-99.1315852,Iztacalco,Viaducto Piedad,0236
MLM-2962067805,departamento,16000000.0,283.94,283.94,4,3.0,3.0,19.43353,-99.190915,Miguel Hidalgo,Polanco,0660
MLM-2606054955,departamento,2845000.0,60.0,60.0,3,2.0,1.0,19.4206277,-99.0888817,Venustiano Carranza,Federal,1011
MLM-3323501621,departamento,2988600.0,65.0,65.0,3,2.0,2.0,19.4747167,-99.1631518,Azcapotzalco,Cosmopolita,0364
MLM-5856105514,departamento,3600000.0,102.0,102.0,5,3.0,1.0,19.3731993,-99.138781,Benito Juárez,Zacahuitzco,0670
MLM-5769960040,departamento,15000000.0,289.0,289.0,10,4.0,4.0,19.3532702,-99.1731614,Coyoacán,Del Carmen,0018
MLM-2965886355,departamento,6000000.0,89.0,89.0,3,2.0,1.0,19.4093714,-99.1712126,Cuauhtémoc,Hipódromo,1341
MLM-5139313616,departamento,2800000.0,63.0,63.0,5,2.0,2.0,19.409865,-99.0666396,Iztacalco,Agrícola Pantitlan,1179
MLM-2984750641,departamento,9500000.0,115.0,115.0,3,2.0,2.0,19.4425356,-99.2102915,Miguel Hidalgo,Irrigación,0548
MLM-5338576704,departamento,6500000.0,155.0,155.0,3,2.0,2.0,19.2944916,-99.1628698,Tlalpan,Toriello Guerra,0407
MLM-5887719560,departamento,1750000.0,68.0,68.0,3,3.0,1.0,19.4333386,-99.1171923,Venustiano Carranza,10 de Mayo,0507
MLM-2784803461,departamento,19985000.0,325.0,325.0,4,3.0,3.0,19.3665269,-99.1854833,Benito Juárez,San José Insurgentes,090A
MLM-3246606699,departamento,4250000.0,64.0,64.0,2,2.0,2.0,19.3219948,-99.1387932,Coyoacán,San Pablo Tepetlapa,0696
MLM-5164273632,departamento,12500000.0,127.0,127.0,3,2.0,2.0,19.4092659,-99.1795821,Cuauhtémoc,Hipodromo Condesa,1411
MLM-3058414387,departamento,3870000.0,57.0,57.0,4,2.0,2.0,19.4024446,-99.1051396,Iztacalco,Granjas México,0132
MLM-2923432079,departamento,2866200.0,52.0,52.0,2,2.0,1.0,19.3712812,-99.1293644,Iztapalapa,San Andrés Tetepilco,0500
MLM-3049625815,departamento,149400000.0,998.0,998.0,7,6.0,6.0,19.43353,-99.190915,Miguel Hidalgo,Polanco,0660
MLM-2811429745,departamento,2200000.0,65.0,65.0,2,2.0,1.0,19.2689087,-99.2099933,Tlalpan,Cruz Del Farol,1462
MLM-5535206552,departamento,2544586.0,47.0,47.0,2,2.0,1.0,19.4846946,-99.1927868,Azcapotzalco,Santo Tomas,0294
MLM-3053914403,departamento,3604965.0,54.0,54.0,1,0.0,1.0,19.3042136,-99.1898531,Coyoacán,El Reloj,1105
MLM-3297955417,departamento,1836000.0,57.0,57.0,4,3.0,1.0,19.3221728,-99.0956838,Iztapalapa,Lomas Estrella,4429
MLM-5969778914,departamento,6990000.0,135.0,135.0,1,3.0,3.0,19.3267187,-99.22256,La Magdalena Contreras,San Jerónimo Lídice,0086
MLM-5246237210,departamento,3770000.0,54.0,54.0,4,2.0,2.0,19.4159143,-99.1247525,Venustiano Carranza,Lorenzo Boturini,1045
MLM-3277990077,departamento,1750000.0,45.0,50.0,1,1.0,1.0,19.4653569,-99.1516354,Azcapotzalco,Arenal,0769
MLM-3102109973,departamento,3200000.0,65.0,65.0,3,2.0,1.0,19.5057393,-99.1480141,Gustavo A. Madero,Lindavista Norte,0525
MLM-5959401898,departamento,2111464.0,59.0,59.0,4,3.0,1.0,19.3221728,-99.0956838,Iztapalapa,Lomas Estrella,4429
MLM-2984762281,departamento,7143000.0,160.0,160.0,4,2.0,2.0,19.3269005,-99.2165767,La Magdalena Contreras,Pedregal de San Jerónimo,0086
MLM-5830904800,departamento,2250000.0,55.0,55.0,7,2.0,1.0,19.4222714,-99.097046,Venustiano Carranza,Santa Cruz Aviación,1007
MLM-3041944413,departamento,3936783.0,84.0,84.0,3,2.0,2.0,19.4025902,-99.1559072,Benito Juárez,Piedad Narvarte,0011
MLM-4532073438,departamento,4000000.0,42.0,42.0,2,1.0,1.0,19.4092659,-99.1795821,Cuauhtémoc,Hipodromo Condesa,1411
MLM-6004634156,departamento,1600000.0,54.0,54.0,2,2.0,1.0,19.4853685,-99.0843224,Gustavo A. Madero,El Milagro,2930
MLM-5584374418,casa,7150000.0,500.0,180.81,0,2.0,2.0,19.3267187,-99.22256,La Magdalena Contreras,San Jerónimo Lídice,0086
MLM-5412815094,departamento,15500000.0,165.0,165.0,3,2.0,2.0,19.43353,-99.190915,Miguel Hidalgo,Polanco,0660
MLM-3729454262,departamento,3990000.0,110.0,110.0,2,2.0,3.0,19.3063387,-99.2259026,Tlalpan,Fuentes Del Pedregal,0017
MLM-5246121896,departamento,1860100.0,38.0,38.0,2,1.0,1.0,19.4113365,-99.1258365,Venustiano Carranza,Artes Gráficas,1312
MLM-3053876265,departamento,2656896.0,34.0,34.0,1,0.0,1.0,19.3042136,-99.1898531,Coyoacán,El Reloj,1105
MLM-4995474392,departamento,4900000.0,52.0,52.0,2,1.0,1.0,19.4183227,-99.1625655,Cuauhtémoc,Roma Norte,1002
MLM-3348378811,departamento,2729000.0,64.0,64.0,4,2.0,2.0,19.4045642,-99.0695045,Iztacalco,Agrícola Oriental,0128
MLM-5991053704,departamento,2853500.0,95.0,95.0,3,2.0,2.0,19.3221728,-99.0956838,Iztapalapa,Lomas Estrella,4429
MLM-5262365936,departamento,11500000.0,350.0,236.0,0,3.0,3.0,19.3159494,-99.2409104,La Magdalena Contreras,Lomas Quebradas,0211
MLM-5015928024,departamento,14000000.0,294.0,294.0,4,2.0,2.0,19.43353,-99.190915,Miguel Hidalgo,Polanco,0660
MLM-3263031541,departamento,2490000.0,65.0,65.0,2,2.0,2.0,19.2693489,-99.1574109,Tlalpan,Ejidos De San Pedro Mártir,2136
MLM-5246121898,departamento,3955000.0,54.0,54.0,4,2.0,2.0,19.4159143,-99.1247525,Venustiano Carranza,Lorenzo Boturini,1045
MLM-3188882119,departamento,7390000.0,135.0,135.0,3,2.0,2.0,19.386924,-99.1636016,Benito Juárez,Del Valle Centro,0416
MLM-5576689746,departamento,9500000.0,,97.0,3,2.0,2.0,19.4360737,-99.1539172,Cuauhtémoc,Tabacalera,070A
MLM-3355980345,departamento,1350000.0,55.0,55.0,3,2.0,1.0,19.409865,-99.0666396,Iztacalco,Agrícola Pantitlan,1179
MLM-6022607918,departamento,2843500.0,95.0,95.0,3,2.0,2.0,19.3221728,-99.0956838,Iztapalapa,Lomas Estrella,4429
MLM-6034613356,departamento,6210000.0,145.0,145.0,5,2.0,2.0,19.3074695,-99.2294076,La Magdalena Contreras,Pedregal 2,0508
MLM-5246058576,departamento,2677675.0,48.0,48.0,3,2.0,1.0,19.4113365,-99.1258365,Venustiano Carranza,Artes Gráficas,1312
MLM-2792147949,departamento,9500000.0,,240.0,4,2.0,2.0,19.43353,-99.190915,Miguel Hidalgo,Polanco,0660
MLM-3240049055,departamento,3700000.0,40.0,88.0,3,2.0,2.0,19.2873823,-99.1681738,Tlalpan,Tlalpan Centro,0958
MLM-5920165088,departamento,7900000.0,,178.0,3,3.0,3.0,19.3640788,-99.173833,Benito Juárez,Acacias,0933
MLM-5515699166,departamento,3400000.0,62.0,62.0,4,2.0,2.0,19.3825107,-99.1419109,Benito Juárez,Américas Unidas,0492
MLM-2919693503,departamento,17495000.0,348.0,348.0,6,2.0,2.0,19.3650598,-99.1802816,Benito Juárez,Crédito Constructor,0717
MLM-2916674695,departamento,6980000.0,120.0,120.0,5,2.0,2.0,19.3770113,-99.1799894,Benito Juárez,Extremadura Insurgentes,0577
MLM-5920160910,departamento,4590257.0,65.0,65.0,2,1.0,1.0,19.3606838,-99.1589048,Benito Juárez,General Pedro Maria Anaya,0986
MLM-5983756790,departamento,6990000.0,91.0,91.0,4,2.0,2.0,19.3723233,-99.1836682,Benito Juárez,Insurgentes Mixcoac,0793
MLM-3828907206,departamento,12250000.0,110.0,110.0,6,2.0,2.0,19.393107,-99.1501539,Benito Juárez,Narvarte Oriente,0100
MLM-5867134172,departamento,3681527.0,60.0,60.0,2,2.0,1.0,19.3863757,-99.1441313,Benito Juárez,Niños Héroes,0488
MLM-2760967779,departamento,5624437.0,86.0,86.0,4,2.0,2.0,19.3592524,-99.1549213,Benito Juárez,Portales Norte,0986
MLM-3202088967,departamento,4848000.0,,100.0,3,2.0,2.0,19.3616941,-99.1489143,Benito Juárez,Portales Sur,1005
MLM-3135696027,departamento,7500000.0,114.0,114.0,4,2.0,2.0,19.377592,-99.182094,Benito Juárez,San Juan,0577
MLM-6011184538,departamento,4300000.0,60.0,60.0,2,2.0,1.0,19.3755626,-99.1456676,Benito Juárez,San Simón Ticumac,0647
MLM-3167670075,departamento,7590000.0,124.0,124.0,4,2.0,2.0,19.3786479,-99.1712542,Benito Juárez,Tlacoquemecatl,0596
MLM-4761704146,departamento,6705300.0,77.55,77.6,3,2.0,2.0,19.3640788,-99.173833,Benito Juárez,Acacias,0933
MLM-5407565978,departamento,4500000.0,67.0,67.0,2,2.0,2.0,19.3706012,-99.1394057,Benito Juárez,Albert,0670
MLM-5158013010,departamento,8300000.0,150.0,140.0,2,3.0,3.0,19.3890898,-99.1743711,Benito Juárez,Ampliación Napoles,0384
MLM-2853219211,departamento,2943000.0,70.0,70.0,2,2.0,2.0,19.4788586,-99.2170818,Azcapotzalco,Ampliación San Pedro Xalpa,0612
MLM-3178094863,casa,4500000.0,103.0,141.71,3,3.0,1.0,19.504283,-99.200367,Azcapotzalco,El Rosario,0928
MLM-3349714631,departamento,2500000.0,16.7,56.13,0,2.0,1.0,19.4676585,-99.1630885,Azcapotzalco,Ignacio Allende,0542
MLM-3214604507,casa,6000000.0,220.0,205.0,6,2.0,2.0,19.4723795,-99.1748174,Azcapotzalco,Jardín Azpeitia,0519
MLM-6045475434,casa,4450000.0,166.0,121.0,2,3.0,3.0,19.4658275,-99.147504,Azcapotzalco,La Raza,0788
MLM-2983259631,departamento,2950000.0,50.0,50.0,2,2.0,1.0,19.4726421,-99.1882668,Azcapotzalco,Nextengo,067A
MLM-6046222842,departamento,2480000.0,73.0,73.0,3,3.0,1.0,19.5043679,-99.2074943,Azcapotzalco,Prados Del Rosario,117A
MLM-5715238814,departamento,1870000.0,60.0,60.0,3,2.0,1.0,19.4933526,-99.1824636,Azcapotzalco,San Andrés,0203
MLM-5937166138,departamento,5900000.0,,127.87,4,2.0,2.0,19.4823569,-99.2005537,Azcapotzalco,San Bartolo Cahualtongo,1019
MLM-5058045332,casa,6350000.0,385.0,290.0,6,4.0,4.0,19.4923006,-99.20495,Azcapotzalco,San Juan Tlihuaca,1004
MLM-5394928798,departamento,1900000.0,47.6,47.6,1,2.0,1.0,19.4884216,-99.1826643,Azcapotzalco,San Marcos,0326
MLM-6011521578,departamento,1850000.0,50.0,50.0,1,2.0,1.0,19.4751706,-99.2047491,Azcapotzalco,San Miguel Amantla,1042
MLM-5904533610,departamento,3990900.0,,58.0,0,2.0,2.0,19.4596354,-99.1738867,Azcapotzalco,San Salvador Xochimanca,0824
MLM-5357408240,departamento,3190000.0,105.0,105.0,6,2.0,2.0,19.4949382,-99.1960298,Azcapotzalco,Tezozomoc,0186
MLM-6043976756,casa,4705000.0,160.0,152.0,4,4.0,1.0,19.5000431,-99.2018254,Azcapotzalco,Tierra Nueva,0167
MLM-5905010956,departamento,3315225.0,55.0,55.0,4,2.0,2.0,19.4721076,-99.1689697,Azcapotzalco,Unidad Cuitlahuac,1131
MLM-5286697418,casa,8000000.0,220.0,263.0,4,2.0,2.0,19.3863757,-99.1441313,Benito Juárez,Niños Héroes De Chapultepec,0488
MLM-3201225249,casa,14900000.0,244.0,408.0,3,2.0,2.0,19.3890898,-99.1743711,Benito Juárez,Ampliación Napoles,0384
MLM-3342356927,casa,23050000.0,411.0,411.0,4,3.0,3.0,19.3756422,-99.1382533,Benito Juárez,Del Carmen,0666
MLM-5312488600,casa,14000000.0,140.0,304.0,3,4.0,4.0,19.3941528,-99.1720448,Benito Juárez,Del Valle Sur,0223
MLM-3324944649,casa,11500000.0,265.0,265.0,3,4.0,4.0,19.3770113,-99.1799894,Benito Juárez,Extremadura Insurgentes,0577
MLM-2919730369,casa,12500000.0,208.0,448.0,5,3.0,3.0,19.3606838,-99.1589048,Benito Juárez,General Pedro Maria Anaya,0986
MLM-2818084063,casa,18900000.0,261.0,530.0,4,3.0,3.0,19.3835265,-99.1740387,Benito Juárez,Insurgentes San Borja,0581
MLM-2935146309,casa,14950000.0,371.0,371.0,4,3.0,3.0,19.3675909,-99.1391864,Benito Juárez,Miravalle,0878
MLM-5278055220,casa,7477596.0,144.0,144.0,2,3.0,3.0,19.3762376,-99.1876125,Benito Juárez,Mixcoac,069A
MLM-5802023090,casa,8750000.0,138.0,300.0,3,3.0,3.0,19.3793936,-99.1402,Benito Juárez,Nativitas,0539
MLM-2811226161,casa,8600000.0,170.0,299.0,4,2.0,2.0,19.3863757,-99.1441313,Benito Juárez,Niños Héroes,0488
MLM-4099506114,casa,9300000.0,250.0,173.0,5,3.0,3.0,19.3824454,-99.1458311,Benito Juárez,Periodista,0473
MLM-3266835661,casa,8600000.0,132.0,132.0,3,3.0,3.0,19.369771,-99.1415858,Benito Juárez,Portales,0670
MLM-3077899645,casa,6900000.0,86.0,189.0,3,3.0,3.0,19.3736353,-99.157408,Benito Juárez,Residencial Emperadores,0774
MLM-2827084213,casa,12980000.0,276.0,360.0,3,,3.0,19.377592,-99.182094,Benito Juárez,San Juan,0577
MLM-3081326747,casa,22000000.0,345.0,250.0,5,3.0,3.0,19.3786479,-99.1712542,Benito Juárez,Tlacoquemecatl,0596
MLM-5884678442,casa,15998000.0,180.0,277.0,3,4.0,4.0,19.3601941,-99.1668669,Benito Juárez,Xoco,0967
MLM-3137158391,casa,6920000.0,187.0,165.0,2,3.0,3.0,19.3277094,-99.1517279,Coyoacán,Ajusco,0573
MLM-5926003910,casa,7900000.0,182.0,192.0,3,3.0,3.0,19.31453,-99.1191707,Coyoacán,Alianza Popular Revolucionaria,1374
MLM-5833431414,casa,44900000.0,649.0,1186.0,10,,10.0,19.3404436,-99.1466836,Coyoacán,Atlántida,0304
MLM-4273025240,casa,7600000.0,169.0,279.0,4,4.0,4.0,19.3338871,-99.1131355,Coyoacán,Cafetales,0605
MLM-4960434084,casa,7600000.0,188.0,250.0,2,4.0,4.0,19.346188,-99.1356291,Coyoacán,Campestre Churubusco,0179
MLM-2310348769,casa,14500000.0,120.0,480.0,3,4.0,4.0,19.343206,-99.1642939,Coyoacán,Cuadrante De San Francisco,0287
MLM-3338199267,casa,24000000.0,351.0,764.0,9,3.0,3.0,19.337797,-99.1785126,Coyoacán,Copilco Universidad,0412
MLM-3124962409,casa,18400000.0,279.0,382.0,3,4.0,4.0,19.343206,-99.1642939,Coyoacán,Cuadrante De San Francisco,0287
MLM-3342087921,casa,10000000.0,224.0,335.0,3,3.0,3.0,19.3039254,-99.1628908,Coyoacán,El Caracol,1660
MLM-2742819989,casa,8900000.0,240.0,300.0,4,3.0,3.0,19.335988,-99.139796,Coyoacán,El Centinela,1143
MLM-2867741763,casa,6700000.0,96.0,172.0,4,3.0,3.0,19.3005962,-99.1062178,Coyoacán,El Mirador,1092
MLM-3167467879,casa,7500000.0,151.0,222.0,5,3.0,3.0,19.3042136,-99.1898531,Coyoacán,El Reloj,1105
MLM-3305596011,departamento,3300000.0,80.0,80.0,3,2.0,2.0,19.3254699,-99.1374649,Coyoacán,Emiliano Zapata,0709
MLM-5906179300,casa,10000000.0,220.0,150.0,3,2.0,2.0,19.3532702,-99.1731614,Coyoacán,Del Carmen,0018
MLM-5419539682,casa,5900000.0,243.0,212.0,5,3.0,3.0,19.3044945,-99.1416934,Coyoacán,Viejo Ejido De Santa Ursula Coapa,1425
MLM-5030646712,casa,8100000.0,184.0,316.48,5,4.0,4.0,19.3072364,-99.114197,Coyoacán,Santa Cecilia,1069
MLM-3233367987,casa,9600000.0,160.0,230.0,3,2.0,2.0,19.3064286,-99.1584418,Coyoacán,Joyas Del Pedregal,1656
MLM-3208177017,casa,8800000.0,139.0,250.0,3,2.0,2.0,19.3096608,-99.121333,Coyoacán,Las Campanas,143A
MLM-3071622703,casa,15000000.0,180.0,290.0,3,3.0,3.0,19.3195006,-99.123676,Coyoacán,Los Cedros,0906
MLM-5808576478,casa,13450000.0,212.0,231.0,4,4.0,4.0,19.3054219,-99.1236363,Coyoacán,Los Girasoles,1444
MLM-2843524419,casa,10000000.0,135.0,205.0,2,2.0,2.0,19.3139382,-99.1317305,Coyoacán,Los Olivos,1675
MLM-2769871691,casa,13000000.0,205.0,356.0,3,5.0,5.0,19.3044491,-99.1701792,Coyoacán,Olímpica,1618
MLM-3357552283,casa,19950000.0,210.0,417.0,9,11.0,11.0,19.3445064,-99.1791524,Coyoacán,Oxtopulco Universidad,0249
MLM-3247888223,casa,22000001.0,460.0,596.0,3,4.0,4.0,19.3380144,-99.1674315,Coyoacán,Pedregal De San Francisco,0431
MLM-5479755712,casa,9950000.0,185.0,380.0,3,2.0,2.0,19.3390658,-99.1332707,Coyoacán,Petrolera Taxqueña,0323
MLM-2985553107,casa,6390000.0,161.0,234.0,3,2.0,2.0,19.3267663,-99.1281072,Coyoacán,Presidentes Ejidales,1707
MLM-5768877380,casa,18750000.0,300.0,250.0,4,3.0,3.0,19.355727,-99.1490005,Coyoacán,San Diego Churubusco,0060
MLM-5920161094,casa,16000000.0,250.0,200.0,4,3.0,3.0,19.3035973,-99.1057616,Coyoacán,Villa Quietud,1092
MLM-2745019303,casa,11200000.0,344.0,362.0,3,3.0,3.0,19.3508674,-99.2936399,Cuajimalpa de Morelos,Abdias Garcia Soto,0123
MLM-3292727213,casa,16150000.0,520.15,520.15,4,5.0,5.0,19.3652143,-99.297725,Cuajimalpa de Morelos,Adolfo López Mateos,0299
MLM-5641671664,casa,24000000.0,497.0,497.0,3,3.0,3.0,19.3769798,-99.2751709,Cuajimalpa de Morelos,Lomas De Vista Hermosa,0049
MLM-3136313541,casa,19500000.0,343.0,560.0,5,4.0,4.0,19.3686245,-99.2950336,Cuajimalpa de Morelos,Amado Nervo,0301
MLM-5199942960,casa,18000000.0,398.0,398.0,3,4.0,4.0,19.3571063,-99.2882542,Cuajimalpa de Morelos,Lomas De Memetla,0104
MLM-5694774128,casa,12550000.0,800.0,450.0,3,3.0,3.0,19.3308765,-99.325555,Cuajimalpa de Morelos,San Lorenzo Acopilco,0246
MLM-2865277129,casa,7990000.0,308.0,308.0,3,4.0,4.0,19.3614778,-99.287066,Cuajimalpa de Morelos,El Molinito,0104
MLM-3356013313,casa,6043500.0,203.0,203.0,2,2.0,2.0,19.3581682,-99.272261,Cuajimalpa de Morelos,Cuajimalpa,0369
MLM-5969774922,casa,5000000.0,123.0,157.0,3,2.0,2.0,19.3736178,-99.2846065,Cuajimalpa de Morelos,Granjas Navidad,0053
MLM-5444460392,casa,3600000.0,84.0,120.0,3,3.0,3.0,19.3636966,-99.2905851,Cuajimalpa de Morelos,Jesús Del Monte,0354
MLM-3222974993,casa,8795080.0,296.93,296.93,3,4.0,4.0,19.360174,-99.2954807,Cuajimalpa de Morelos,La Manzanita,0299
MLM-2745121799,casa,6799000.0,150.0,240.0,2,2.0,2.0,19.3581682,-99.272261,Cuajimalpa de Morelos,Cuajimalpa,0369
MLM-5935996008,casa,19000000.0,708.0,690.0,5,3.0,3.0,19.3211504,-99.3280725,Cuajimalpa de Morelos,Las Maromas,0316
MLM-5338089882,casa,5900000.0,350.0,350.0,3,2.0,2.0,19.3528581,-99.2854195,Cuajimalpa de Morelos,Las Tinajas,0212
MLM-5495707982,casa,9500000.0,1156.28,766.28,4,4.0,4.0,19.3449279,-99.310646,Cuajimalpa de Morelos,Loma Del Padre,0231
MLM-5030329694,casa,11750000.0,254.0,254.0,3,3.0,3.0,19.3865976,-99.2651314,Cuajimalpa de Morelos,Lomas Del Chamizal,0176
MLM-3006241847,casa,6094750.0,220.0,202.0,3,2.0,2.0,19.3678753,-99.2976727,Cuajimalpa de Morelos,Manzanastitla,0299
MLM-2792131613,casa,10900000.0,747.0,747.0,3,3.0,3.0,19.3308765,-99.325555,Cuajimalpa de Morelos,San Lorenzo Acopilco,0246
MLM-3325064319,casa,4290000.0,170.0,350.0,4,4.0,4.0,19.3531932,-99.3176009,Cuajimalpa de Morelos,San Pablo Chimalpa,0227
MLM-3160155335,casa,4690000.0,182.0,182.0,3,2.0,2.0,19.3581682,-99.272261,Cuajimalpa de Morelos,Cuajimalpa,0369
MLM-3289891111,departamento,2800000.0,64.0,64.0,3,2.0,1.0,19.405455,-99.1400863,Cuauhtémoc,Algarín,1498
MLM-3283615899,departamento,3688000.0,74.0,74.0,2,2.0,2.0,19.4071473,-99.1310771,Cuauhtémoc,Ampliación Asturias,1515
MLM-6011184458,departamento,2983500.0,61.0,61.0,2,2.0,1.0,19.4567845,-99.1568752,Cuauhtémoc,Atlampa,017A
MLM-4471890322,departamento,2186413.0,44.0,44.0,2,1.0,1.0,19.4053637,-99.1498637,Cuauhtémoc,Buenos Aires,1483
MLM-5699742014,departamento,1600000.0,52.0,52.0,3,2.0,1.0,19.4203119,-99.1284053,Cuauhtémoc,Esperanza,1074
MLM-5739032302,departamento,8400000.0,94.0,94.0,4,2.0,2.0,19.4093714,-99.1712126,Cuauhtémoc,Hipódromo,1341
MLM-5575417430,departamento,1730000.0,50.0,50.0,3,2.0,1.0,19.4549636,-99.1282072,Cuauhtémoc,Maza,0165
MLM-3264344109,casa,1990000.0,54.0,180.0,2,2.0,2.0,19.4468471,-99.12984,Cuauhtémoc,Morelos,0343
MLM-3227311637,casa,3900000.0,197.0,250.0,4,5.0,5.0,19.4530771,-99.1408516,Cuauhtémoc,Nonoalco Tlatelolco,0413
MLM-5774276464,casa,9000000.0,90.0,147.0,3,2.0,2.0,19.4058335,-99.1633037,Cuauhtémoc,Roma Sur,145A
MLM-3306542631,casa,25000000.0,304.0,746.0,8,4.0,4.0,19.4379452,-99.1624218,Cuauhtémoc,San Rafael,0682
MLM-3246318943,casa,6595000.0,380.0,380.0,4,4.0,4.0,19.4177785,-99.1314778,Cuauhtémoc,Transito,106A
MLM-5132074212,departamento,1790000.0,54.0,54.0,2,2.0,1.0,19.4586286,-99.125247,Cuauhtémoc,Valle Gómez,0127
MLM-3264133873,casa,3050000.0,152.0,100.0,3,3.0,3.0,19.5332017,-99.1496192,Gustavo A. Madero,Zona Escolar,2786
MLM-2932323063,casa,6500000.0,103.0,386.0,3,3.0,3.0,19.4749623,-99.1257781,Gustavo A. Madero,Industrial,1595
MLM-5659780114,casa,6645000.0,140.0,217.0,4,2.0,2.0,19.4763883,-99.0841141,Gustavo A. Madero,Ampliación Casas Alemán,1913
MLM-5030451488,casa,3100000.0,157.06,161.35,2,2.0,2.0,19.5332017,-99.1496192,Gustavo A. Madero,Jorge Negrete,2786
MLM-5705914786,casa,7000000.0,196.0,185.0,4,3.0,3.0,19.4749623,-99.1257781,Gustavo A. Madero,Industrial,1595
MLM-3101190093,casa,2650000.0,89.0,94.0,3,2.0,2.0,19.4725481,-99.087395,Gustavo A. Madero,San Juan de Aragón VI Sección,3074
MLM-3002736249,departamento,2775000.0,72.5,72.5,0,2.0,1.0,19.470254,-99.1067867,Gustavo A. Madero,Aragón Inguaran,1843
MLM-3306314341,casa,5200000.0,168.0,192.0,4,4.0,4.0,19.5268815,-99.1408004,Gustavo A. Madero,Benito Juárez,0328
MLM-3092491521,casa,5985000.0,200.0,202.0,3,2.0,2.0,19.4856,-99.0797574,Gustavo A. Madero,Campestre Aragón,1523
MLM-5058180168,casa,4350000.0,79.28,122.79,4,2.0,2.0,19.4749623,-99.1257781,Gustavo A. Madero,Industrial,1595
MLM-2811111585,departamento,1990000.0,54.0,54.0,0,2.0,1.0,19.4783568,-99.1336761,Gustavo A. Madero,Capultitlán,1400
MLM-2745045377,casa,3100000.0,111.0,240.0,3,2.0,2.0,19.5492218,-99.1243561,Gustavo A. Madero,Cocoyotes,3229
MLM-2911214331,casa,3150000.0,133.0,108.0,3,3.0,1.0,19.5580048,-99.1341732,Gustavo A. Madero,Cuautepec Barrio Alto,0050
MLM-5802022116,casa,5000000.0,150.0,179.0,3,2.0,2.0,19.4581802,-99.1104774,Gustavo A. Madero,Cuchilla La Joya,2201
MLM-3296877583,casa,3990000.0,129.0,180.0,6,4.0,4.0,19.4778665,-99.094982,Gustavo A. Madero,DM Nacional,3407
MLM-3200374385,casa,4200000.0,160.0,140.0,3,2.0,2.0,19.4873951,-99.0910802,Gustavo A. Madero,El Coyol,1504
MLM-2797445597,casa,7800000.0,161.0,368.0,5,4.0,4.0,19.4750668,-99.1167561,Gustavo A. Madero,Estrella,1788
MLM-2874594253,casa,1950000.0,55.0,108.0,2,2.0,1.0,19.5228371,-99.1605541,Gustavo A. Madero,Santiago Atepetlac,0385
MLM-5918255512,casa,5380000.0,120.0,217.0,3,2.0,2.0,19.48326,-99.0938507,Gustavo A. Madero,Ferrocarrilera,3394
MLM-5357496656,casa,5300000.0,143.0,264.0,4,2.0,2.0,19.4994284,-99.1032894,Gustavo A. Madero,Gabriel Hernández,0807
MLM-2737846821,departamento,1800000.0,65.0,65.0,4,3.0,1.0,19.5217368,-99.1537704,Gustavo A. Madero,Guadalupe Proletaria,0402
MLM-5438433910,departamento,2200000.0,66.0,64.0,2,2.0,1.0,19.5399682,-99.1410584,Gustavo A. Madero,Guadalupe Victoria,0192
MLM-6043967842,casa,7300000.0,130.0,350.0,3,2.0,2.0,19.4749623,-99.1257781,Gustavo A. Madero,Industrial,1595
MLM-5058300014,departamento,1250000.0,44.0,44.0,3,2.0,1.0,19.4873042,-99.0873952,Gustavo A. Madero,La Esmeralda,3337
MLM-5926022074,casa,1950000.0,40.0,90.0,3,3.0,1.0,19.4843869,-99.1048077,Gustavo A. Madero,Martín Carrera,1468
MLM-6011814226,departamento,2950000.0,67.0,67.0,2,2.0,2.0,19.5129933,-99.1522732,Gustavo A. Madero,Nueva Industrial Vallejo,0525
MLM-5352890362,casa,11000000.0,200.0,220.0,4,4.0,4.0,19.495379,-99.141747,Gustavo A. Madero,Planetario Lindavista,0934
MLM-5030586078,casa,6370000.0,138.0,391.0,9,3.0,3.0,19.4785468,-99.070034,Gustavo A. Madero,Providencia,1701
MLM-3290568393,casa,10200000.0,147.0,347.0,3,5.0,5.0,19.4933278,-99.1413426,Gustavo A. Madero,San Bartolo Atepehuacan,0934
MLM-2981209575,casa,4990000.0,126.0,215.0,4,2.0,2.0,19.4725481,-99.087395,Gustavo A. Madero,San Juan de Aragón VI Sección,3074
MLM-2694749949,casa,15000000.0,703.0,252.0,3,3.0,3.0,19.4998868,-99.1156771,Gustavo A. Madero,Santa Isabel Tola,0775
MLM-5981232970,departamento,2040000.0,49.0,49.0,2,2.0,1.0,19.5004436,-99.0951455,Gustavo A. Madero,Santiago Atzacoalco,3163
MLM-5438731438,casa,11500000.0,300.0,200.0,4,2.0,2.0,19.5146249,-99.1430217,Gustavo A. Madero,Siete Maravillas,338A
MLM-6046848534,casa,3150000.0,142.0,134.0,3,3.0,1.0,19.5337832,-99.1536919,Gustavo A. Madero,Solidaridad Nacional,2786
MLM-5969788840,casa,6950000.0,162.0,343.0,11,6.0,6.0,19.4807706,-99.1197036,Gustavo A. Madero,Tepeyac Insurgentes,1275
MLM-5235669228,casa,4450000.0,122.0,315.0,3,3.0,3.0,19.4616807,-99.061347,Gustavo A. Madero,Villa De Aragón,2165
MLM-2845850875,casa,4800000.0,139.0,240.0,5,3.0,3.0,19.391648,-99.0870653,Iztacalco,El Rodeo,0490
MLM-5843419966,casa,5450000.0,240.0,310.0,10,8.0,8.0,19.4029008,-99.1216572,Iztacalco,Santa Anita,0255
MLM-3054383689,casa,7000000.0,172.0,210.0,3,2.0,2.0,19.3658498,-99.12878,Iztapalapa,Ampliación Sinatel,0657
MLM-5731835412,casa,3600000.0,120.0,160.0,4,2.0,2.0,19.3791527,-99.1095076,Iztapalapa,Apatlaco,0356
MLM-2798093403,casa,2400000.0,119.0,150.0,3,2.0,2.0,19.331195,-99.0270238,Iztapalapa,Buenavista,5573
MLM-2798014721,casa,7000000.0,224.0,475.0,4,4.0,4.0,19.3592708,-99.1385674,Iztapalapa,San Miguel,0905
MLM-3357614215,departamento,1450000.0,75.0,75.0,2,2.0,1.0,19.3218737,-99.0578783,Iztapalapa,Consejo Agrarista Mexicano,4170
MLM-6035698000,casa,5300000.0,71.0,152.0,2,2.0,2.0,19.336909,-99.1089421,Iztapalapa,Culhuacán,1566
MLM-5030632450,casa,3070000.0,132.0,249.0,4,3.0,4.0,19.3641347,-99.0136069,Iztapalapa,El Edén,0784
MLM-5856465052,departamento,680000.0,45.0,45.0,2,2.0,1.0,19.3762874,-99.0303609,Iztapalapa,El Paraíso,5253
MLM-6012248194,casa,7500000.0,135.0,276.0,3,5.0,5.0,19.3708726,-99.1245685,Iztapalapa,El Retoño,0515
MLM-5419298964,departamento,2190000.0,64.0,64.0,3,3.0,1.0,19.3777843,-99.1205415,Iztapalapa,El Triunfo,0322
MLM-2897128049,departamento,1533870.0,56.0,56.0,3,2.0,1.0,19.3601293,-98.999612,Iztapalapa,Ermita Zaragoza,1138
MLM-5969422108,casa,4500000.0,128.0,183.0,3,3.0,1.0,19.3649049,-99.1095471,Iztapalapa,Escuadrón 201,5446
MLM-5569725238,casa,4950000.0,154.0,265.0,3,3.0,1.0,19.3559895,-99.0856882,Iztapalapa,Cerro De La Estrella,3774
MLM-3306545023,casa,4700000.0,198.0,424.0,5,3.0,3.0,19.3072486,-99.072594,Iztapalapa,Francisco Villa,209A
MLM-5576685626,casa,5300000.0,170.0,175.0,2,2.0,1.0,19.3712812,-99.1293644,Iztapalapa,San Andrés Tetepilco,0500
MLM-5058190100,casa,5750000.0,120.0,158.0,3,3.0,1.0,19.3609127,-99.1182331,Iztapalapa,Héroes De Churubusco,0939
MLM-5823147412,casa,6785000.0,198.0,274.0,4,3.0,3.0,19.3645813,-99.131684,Iztapalapa,Justo Sierra,0657
MLM-6034606630,casa,4350000.0,192.0,330.0,9,3.0,3.0,19.3632066,-99.0709442,Iztapalapa,Leyes de Reforma 1a Sección,3670
MLM-2829068489,casa,5150000.0,230.0,230.0,5,3.0,3.0,19.3221728,-99.0956838,Iztapalapa,Lomas Estrella,4429
MLM-2794942891,casa,6750000.0,134.5,422.0,8,5.0,5.0,19.3712812,-99.1293644,Iztapalapa,San Andrés Tetepilco,0500
MLM-5357382968,casa,5500000.0,180.0,350.0,3,4.0,4.0,19.3281071,-99.104439,Iztapalapa,San Andrés Tomatlan,1852
MLM-3200386919,casa,6300000.0,168.0,368.0,2,4.0,4.0,19.3418641,-99.1128882,Iztapalapa,San Antonio Culhuacán,1566
MLM-3038535451,casa,3500000.0,150.0,196.0,2,3.0,3.0,19.3359791,-99.0672723,Iztapalapa,San Juan Joya,2846
MLM-3227988921,casa,2850000.0,137.0,199.0,4,2.0,2.0,19.3475584,-98.9900579,Iztapalapa,San Miguel Teotongo,2653
MLM-2798129725,departamento,1750000.0,79.0,79.0,0,2.0,1.0,19.3632088,-99.0189112,Iztapalapa,San Sebastián Tecoloxtitla,0835
MLM-3025928227,casa,5400000.0,88.0,177.0,3,2.0,2.0,19.3349496,-99.1040523,Iztapalapa,San Simón Culhuacán,1778
MLM-6042335646,casa,5700000.0,270.0,121.0,3,2.0,2.0,19.3529612,-99.0244884,Iztapalapa,Santa María Aztahuacán,2545
MLM-3363200103,casa,5150000.0,120.0,347.0,4,4.0,4.0,19.3231092,-99.0991728,Iztapalapa,Santa María Tomatlan,1867
MLM-5767943606,casa,6000000.0,140.0,240.0,4,3.0,3.0,19.3346299,-98.9987276,Iztapalapa,Santiago Acahualtepec,3346
MLM-6044907090,departamento,1300000.0,52.0,52.0,2,2.0,1.0,19.385885,-99.0565783,Iztapalapa,Unidad Ejército Constitucionalista,013A
MLM-5981961052,departamento,1375000.0,,54.0,2,2.0,1.0,19.3362111,-99.0190327,Iztapalapa,Xalpa,5569
MLM-4407903928,casa,4490000.0,121.0,180.0,3,2.0,2.0,19.3062407,-99.2389242,La Magdalena Contreras,Barranca Seca,032A
MLM-3202598947,casa,5500000.0,480.0,239.0,3,2.0,2.0,19.309682,-99.2497511,La Magdalena Contreras,El Rosal,0226
MLM-5888637164,casa,6280000.0,347.0,156.0,3,2.0,2.0,19.311845,-99.2456753,La Magdalena Contreras,El Toro,0245
MLM-5364327936,casa,5350000.0,200.0,234.0,3,3.0,3.0,19.3080415,-99.2623418,La Magdalena Contreras,Huayatla,0404
MLM-5888724754,casa,5900000.0,159.0,250.0,2,2.0,2.0,19.3039679,-99.2513872,La Magdalena Contreras,Pueblo Nuevo Alto,0300
MLM-2798111377,casa,8600000.0,178.0,539.0,4,4.0,4.0,19.4488756,-99.2001723,Miguel Hidalgo,5 de Mayo,132A
MLM-3029690303,departamento,4661000.0,61.0,61.0,1,0.0,1.0,19.4085338,-99.1944592,Miguel Hidalgo,Ampliación Daniel Garza,1122
MLM-3017730081,departamento,3990000.0,100.0,100.0,0,2.0,2.0,19.4551852,-99.1997858,Miguel Hidalgo,Ampliación Torre Blanca,0124
MLM-3102470199,departamento,2400000.0,80.0,80.0,3,2.0,1.0,19.4037943,-99.2027751,Miguel Hidalgo,América,1103
MLM-3135668503,departamento,3250000.0,58.0,58.0,3,2.0,1.0,19.4581694,-99.2073057,Miguel Hidalgo,Argentina Poniente,0105
MLM-4580017874,departamento,11600000.0,166.0,166.0,5,2.0,2.0,19.4344164,-99.1866064,Miguel Hidalgo,Chapultepec Morales,0675
MLM-5833441336,departamento,2700000.0,64.0,64.0,2,2.0,1.0,19.4497488,-99.1937504,Miguel Hidalgo,Deportivo Pensil,1349
MLM-5100352898,departamento,2990000.0,72.0,72.0,2,2.0,2.0,19.4603507,-99.1967743,Miguel Hidalgo,Huichapan,004A
MLM-5981595730,casa,8500000.0,246.0,246.0,2,3.0,3.0,19.446956,-99.1871055,Miguel Hidalgo,Lago Norte,0393
MLM-3329691847,casa,6200000.0,126.0,225.0,4,2.0,2.0,19.4545294,-99.1692126,Miguel Hidalgo,Plutarco Elías Calles,0088
MLM-2957293759,departamento,2390000.0,59.0,59.0,2,2.0,1.0,19.4464489,-99.2129947,Miguel Hidalgo,Lomas Hermosa,0425
MLM-6016439864,casa,15500000.0,375.0,236.17,3,2.0,2.0,19.3913552,-99.2436293,Miguel Hidalgo,Lomas De Bezares,1300
MLM-5290907280,casa,39900000.0,678.0,744.0,3,5.0,5.0,19.4210896,-99.2184637,Miguel Hidalgo,Lomas De Chapultepec,0919
MLM-5030338788,casa,29500000.0,715.98,456.0,4,3.0,3.0,19.4031893,-99.2341742,Miguel Hidalgo,Lomas De Reforma,1279
MLM-3216469453,casa,16000000.0,400.0,300.0,4,4.0,4.0,19.4470778,-99.1844176,Miguel Hidalgo,Los Manzanos,0393
MLM-6023232976,departamento,5500000.0,140.0,140.0,2,3.0,3.0,19.4453949,-99.1816725,Miguel Hidalgo,Mariano Escobedo,0482
MLM-5388180708,departamento,3120000.0,69.0,69.0,2,2.0,2.0,19.4556534,-99.17315,Miguel Hidalgo,Nextitla,0088
MLM-2943449611,casa,3190000.0,90.0,65.0,2,2.0,1.0,19.4056364,-99.1935414,Miguel Hidalgo,Observatorio,1137
MLM-3135570099,casa,4490000.0,115.0,135.0,5,2.0,2.0,19.4512364,-99.1969623,Miguel Hidalgo,Pensil Norte,0251
MLM-5042142454,departamento,2820300.0,62.0,62.0,3,2.0,1.0,19.4489842,-99.1867618,Miguel Hidalgo,Peralitos,0270
MLM-2909181559,casa,45000000.0,985.0,750.0,4,5.0,5.0,19.4210896,-99.2184637,Miguel Hidalgo,Lomas De Chapultepec,0919
MLM-5364328030,departamento,2350000.0,65.0,65.0,2,2.0,1.0,19.4485921,-99.1931716,Miguel Hidalgo,Reforma Pensil,1349
MLM-2948786149,casa,16800000.0,650.0,650.0,3,3.0,3.0,19.4312023,-99.2178522,Miguel Hidalgo,Reforma Social,082A
MLM-5445121662,casa,8450000.0,190.0,310.0,4,5.0,5.0,19.4519284,-99.1901766,Miguel Hidalgo,San Juanico,0270
MLM-5731700660,casa,12000000.0,192.0,290.0,5,2.0,2.0,19.4518132,-99.1701506,Miguel Hidalgo,Santo Tomas,0088
MLM-5376889530,casa,7500000.0,150.0,250.0,4,2.0,2.0,19.4008508,-99.187693,Miguel Hidalgo,Tacubaya,1194
MLM-3226645237,casa,7000000.0,222.0,282.0,5,5.0,5.0,19.4405954,-99.1692436,Miguel Hidalgo,Tlaxpana,050A
MLM-5920165878,departamento,4250000.0,,118.0,4,3.0,1.0,19.448471,-99.1691446,Miguel Hidalgo,Un Hogar Para Nosotros,0088
MLM-2865274149,casa,3319000.0,750.0,150.0,2,2.0,1.0,19.2975409,-99.016226,Tláhuac,San Francisco Tlaltenco,0147
MLM-3351216307,casa,8900000.0,196.0,257.0,3,4.0,4.0,19.28471,-99.1505171,Tlalpan,Arenal Tepepan,0977
MLM-6013069308,casa,5900000.0,223.0,223.0,3,3.0,3.0,19.2721884,-99.1653966,Tlalpan,Chimalcoyoc,1157
MLM-5832383720,casa,8990000.0,175.0,260.0,3,3.0,3.0,19.2845286,-99.1323333,Tlalpan,Belisario Domínguez,1000
MLM-2909232819,casa,4800000.0,180.0,180.0,3,2.0,2.0,19.2680853,-99.2129749,Tlalpan,Chimilli,1570
MLM-2907981963,casa,6200000.0,850.0,850.0,5,3.0,3.0,19.2689087,-99.2099933,Tlalpan,Cruz Del Farol,1462
MLM-2776095479,casa,4400000.0,250.0,128.97,3,3.0,1.0,19.2738267,-99.2226372,Tlalpan,Cultura Maya,1443
MLM-3202089007,casa,7780000.0,376.0,242.0,4,4.0,4.0,19.2944727,-99.1431228,Tlalpan,Prado Coapa 3A Sección,0549
MLM-2759441317,casa,9750000.0,360.0,406.0,4,5.0,5.0,19.2666211,-99.1671911,Tlalpan,San Pedro Mártir,1176
MLM-3348526319,casa,6500000.0,250.0,320.0,6,4.0,4.0,19.3007237,-99.1729889,Tlalpan,Isidro Fabela,0159
MLM-3137038013,casa,25000000.0,1498.0,645.0,3,4.0,4.0,19.2310717,-99.1767703,Tlalpan,La Magdalena Petlacalco,1617
MLM-5874380658,casa,20000000.0,410.0,240.0,3,3.0,3.0,19.2771752,-99.1523729,Tlalpan,Las Tórtolas,2121
MLM-5793816046,casa,7143500.0,85.0,281.0,3,3.0,3.0,19.2740837,-99.2151644,Tlalpan,Lomas Hidalgo,1439
MLM-3315589687,casa,6300000.0,200.0,300.0,3,3.0,3.0,19.2718128,-99.2200322,Tlalpan,Mirador I,1481
MLM-3290574679,casa,5200000.0,200.0,350.0,4,4.0,4.0,19.2698553,-99.2237261,Tlalpan,Mirador II,1513
MLM-5205959398,casa,3500000.0,120.0,210.0,3,2.0,2.0,19.2592211,-99.1810535,Tlalpan,Mirador Del Valle,1744
MLM-5927874802,casa,15000000.0,3400.0,3400.0,4,4.0,4.0,19.2876235,-99.1242334,Tlalpan,Narciso Mendoza,0765
MLM-3357610189,casa,2600000.0,251.0,260.0,5,2.0,2.0,19.1331038,-99.1777444,Tlalpan,Parres El Guarda,2460
MLM-5716289716,casa,19500000.0,354.0,321.0,3,3.0,3.0,19.2980675,-99.1825207,Tlalpan,Peña Pobre,1890
MLM-5941760910,departamento,2800000.0,62.0,62.0,2,2.0,2.0,19.2978307,-99.1609081,Tlalpan,Pueblo Quieto,0182
MLM-5146855124,casa,18500000.0,485.0,674.0,4,5.0,5.0,19.3104834,-99.2238699,Tlalpan,Rincón Del Pedregal,0017
MLM-5217634526,casa,6636000.0,590.0,340.0,3,3.0,3.0,19.2514512,-99.1705556,Tlalpan,San Andrés Totoltepec,2013
MLM-3288984703,casa,4800000.0,150.0,147.0,3,2.0,2.0,19.286387,-99.1323271,Tlalpan,San Bartolo El Chico,0708
MLM-3227980215,casa,8290000.0,347.0,382.0,6,5.0,5.0,19.2979935,-99.1491808,Tlalpan,San Lorenzo Huipulco,0445
MLM-4706216442,casa,3300000.0,740.0,288.0,5,2.0,2.0,19.1921787,-99.1433751,Tlalpan,San Miguel Topilejo,1797
MLM-3183276601,casa,3883000.0,1000.0,300.0,3,3.0,3.0,19.2181301,-99.2036787,Tlalpan,Santo Tomás Ajusco,1528
MLM-5634577726,departamento,2150000.0,55.48,55.48,0,2.0,1.0,19.2729935,-99.1858595,Tlalpan,Santísima Trinidad,223A
MLM-5920186566,casa,6850000.0,132.0,192.0,4,3.0,3.0,19.275231,-99.1719343,Tlalpan,Tlalcoligia,1119
MLM-5497802804,casa,21499000.0,1842.0,472.0,3,3.0,3.0,19.2504365,-99.1864881,Tlalpan,Tlalpuente,1585
MLM-5046997072,casa,6500000.0,250.0,267.0,4,4.0,1.0,19.2970056,-99.1394916,Tlalpan,Villa Lázaro Cárdenas,045A
MLM-2967810673,departamento,4450000.0,103.0,103.0,0,3.0,3.0,19.2990965,-99.1855231,Tlalpan,Villa Olímpica,0106
MLM-5364272878,departamento,2123000.0,100.0,100.0,2,2.0,1.0,19.2718167,-99.2348514,Tlalpan,Vistas Del Pedregal,2047
MLM-3361747147,departamento,2280000.0,75.0,75.0,1,2.0,2.0,19.4163725,-99.0822583,Venustiano Carranza,4 Árboles,1257
MLM-6047227426,casa,7000000.0,205.0,170.0,3,2.0,2.0,19.4472185,-99.0916872,Venustiano Carranza,Aquiles Serdán,0117
MLM-5058152012,casa,8225000.0,213.0,256.0,4,2.0,2.0,19.4262321,-99.0697501,Venustiano Carranza,Caracol,0846
MLM-3364850623,casa,4499000.0,70.0,160.0,3,2.0,2.0,19.4474979,-99.1174313,Venustiano Carranza,Janitzio,023A
MLM-3330151151,departamento,1500000.0,43.94,43.94,1,1.0,1.0,19.4200625,-99.1237816,Venustiano Carranza,Merced Balbuena,0899
MLM-5815430404,casa,2017000.0,54.0,54.0,2,2.0,1.0,19.4527151,-99.1187688,Venustiano Carranza,Popular Rastro,0032
MLM-5777293380,casa,5170000.0,169.0,222.0,7,4.0,4.0,19.40722,-99.0824754,Venustiano Carranza,Puebla,1308
MLM-2911779189,departamento,2150000.0,67.0,67.0,2,2.0,1.0,19.4487638,-99.0965771,Venustiano Carranza,Simón Bolívar,0085
MLM-3014148211,casa,8000000.0,241.0,318.0,7,4.0,4.0,19.4128291,-99.1186659,Venustiano Carranza,Alvaro Obregón,1331
MLM-2858576985,casa,5500000.0,166.0,210.0,3,3.0,3.0,19.2678229,-99.1255109,Xochimilco,La Noria,0160
MLM-3331319007,casa,3500000.0,223.0,264.0,5,3.0,3.0,19.2523919,-99.02963,Xochimilco,Del Carmen,0692
MLM-5226975918,casa,5900000.0,200.0,200.0,4,4.0,4.0,19.2641543,-99.1180021,Xochimilco,Huichapan,0160
MLM-3036049755,casa,6000000.0,866.0,313.0,4,4.0,4.0,19.2179827,-99.0979796,Xochimilco,Santa Cecilia Tepetlapa,0654
MLM-2858085197,casa,4050000.0,185.0,206.0,3,2.0,2.0,19.2481076,-99.1233847,Xochimilco,Santiago Tepalcatlalpan,0372
MLM-5793167728,casa,3000000.0,250.0,150.0,3,2.0,2.0,19.2602098,-99.0239769,Xochimilco,Quirino Mendoza,0527
MLM-5873005298,casa,3000000.0,183.75,120.0,3,2.0,2.0,19.2494907,-99.090382,Xochimilco,San Jerónimo,1027
MLM-5861285138,casa,12000000.0,230.0,330.0,4,3.0,3.0,19.2810876,-99.1378983,Xochimilco,San Juan Tepepan,0014
MLM-3361966531,casa,4990000.0,243.0,167.0,5,3.0,3.0,19.261865,-99.1108668,Xochimilco,San Marcos,0211
MLM-3167019241,casa,4990000.0,274.0,105.0,4,3.0,1.0,19.2564532,-99.1331963,Xochimilco,Santa Cruz Xochitepec,0283
MLM-3182991383,casa,2480000.0,240.0,170.0,3,3.0,6.0,19.2335658,-99.1108773,Xochimilco,Santa Inés,0758
MLM-3161338567,casa,4750000.0,182.0,86.0,3,3.0,3.0,19.2660689,-99.1195628,Xochimilco,Tierra Nueva,0160
