source,source_id,url,price,currency,property_type,land_area_m2,construction_area_m2,bedrooms,bathrooms,parking_spaces,age_years,price_per_construction_m2,price_per_land_m2,latitude,longitude,coordinate_quality,state,municipality,neighborhood,postal_code,street,inegi_cve_ageb,ageb_assignment_quality,population,occupied_housing,population_density,housing_density,car_ownership_ratio,internet_access_ratio,average_schooling,employment_ratio,establishments_500m,establishments_1km,retail_500m,retail_1km,restaurants_hotels_500m,restaurants_hotels_1km,health_500m,health_1km,education_500m,education_1km,financial_500m,financial_1km,professional_services_500m,professional_services_1km,training_readiness,quality_flags,experiment_frozen_at,duplicate_group_id
mercadolibre,MLM-2309651041,https://terreno.mercadolibre.com.mx/MLM-2309651041-magnifico-terreno-comercial-_JM,20776000.0,MXN,terreno,5936.0,,,,,,,3500.0,,,medium,Morelos,Jiutepec,José López Portillo,,,0508,approximate_coordinate,2157.0,558.0,4947.192618875219,1279.8022630191804,0.3924731182795699,0.5340501792114696,9.2,0.9669117647058824,89,486,30,222,7,61,2,13,2,16,0,1,2,6,C,"missing_construction_area,missing_coordinates",2026-08-18T15:09:03+00:00,mercadolibre|20776000.0|jiutepec|josé lópez portillo|5936.0|||
mercadolibre,MLM-5468368160,https://terreno.mercadolibre.com.mx/MLM-5468368160-venta-de-terrenos-premium-en-la-zona-dorada-de-cuernavaca-_JM,11200000.0,MXN,terreno,800.0,,,,,,,14000.0,,,medium,Morelos,Cuernavaca,Vista Hermosa,,,0187,approximate_coordinate,630.0,227.0,1278.5954112765228,460.70025136471537,0.7929515418502202,0.9030837004405288,13.55,0.9970501474926252,426,1565,67,519,78,237,126,195,15,47,16,55,16,61,C,"missing_construction_area,missing_coordinates",2026-08-18T15:09:03+00:00,mercadolibre|11200000.0|cuernavaca|vista hermosa|800.0|||
mercadolibre,MLM-2711592527,https://terreno.mercadolibre.com.mx/MLM-2711592527-terreno-en-venta-lomas-de-cocoyoc-_JM,2600000.0,MXN,terreno,350.0,,,,,,,7428.57,,,medium,Morelos,Atlatlahucan,Lomas De Cocoyoc,,,0138,approximate_coordinate,973.0,397.0,335.65998876705885,136.9547950056756,0.924433249370277,0.9420654911838792,14.18,0.972568578553616,46,49,16,16,15,15,1,1,0,1,0,0,0,0,C,"missing_construction_area,missing_coordinates",2026-08-18T15:09:03+00:00,mercadolibre|2600000.0|atlatlahucan|lomas de cocoyoc|350.0|||
mercadolibre,MLM-4904229866,https://terreno.mercadolibre.com.mx/MLM-4904229866-terreno-en-alpuyeca-xochitepec-_JM,2145000.0,MXN,terreno,7150.0,,,,,,,300.0,,,medium,Morelos,Xochitepec,Alpuyeca,,,0026,approximate_coordinate,2763.0,700.0,2771.068737817901,702.044197058462,0.2485714285714285,0.3928571428571428,9.48,0.972241029113067,344,565,186,281,57,98,10,14,7,12,2,2,4,8,C,"missing_construction_area,missing_coordinates",2026-08-18T15:09:03+00:00,mercadolibre|2145000.0|xochitepec|alpuyeca|7150.0|||
mercadolibre,MLM-2605315741,https://terreno.mercadolibre.com.mx/MLM-2605315741-terreno-plano-jiutepec-morelos-_JM,8190000.0,MXN,terreno,2925.0,,,,,,,2800.0,,,medium,Morelos,Jiutepec,Tlahuapan,,,1065,approximate_coordinate,4717.0,1441.0,8162.233260786099,2493.4869893561095,0.5905621096460791,0.7925052047189451,12.08,0.9761336515513126,308,1401,139,592,40,187,8,80,7,34,3,8,10,33,C,"missing_construction_area,missing_coordinates",2026-08-18T15:09:03+00:00,mercadolibre|8190000.0|jiutepec|tlahuapan|2925.0|||
mercadolibre,MLM-4048570156,https://terreno.mercadolibre.com.mx/MLM-4048570156-terreno-en-venta-en-yautepec-morelos-cerca-de-de-sixflags-_JM,750000.0,MXN,terreno,900.0,,,,,,,833.33,,,medium,Morelos,Yautepec,Oaxtepec Centro,,,0273,approximate_coordinate,45.0,12.0,30.91523293927924,8.244062117141132,0.5833333333333334,0.6666666666666666,11.36,1.0,49,557,13,222,28,184,0,20,4,9,0,2,0,11,C,"missing_construction_area,missing_coordinates",2026-08-18T15:09:03+00:00,mercadolibre|750000.0|yautepec|oaxtepec centro|900.0|||
mercadolibre,MLM-2714460935,https://terreno.mercadolibre.com.mx/MLM-2714460935-buen-terreno-en-venta-jiutepecmorelos-pedregal-de-las-fuentes-_JM,5000000.0,MXN,terreno,1900.0,,,,,,,2631.58,,,medium,Morelos,Jiutepec,Pedregal De Las Fuentes,,,0230,approximate_coordinate,1506.0,513.0,2126.9645529782256,724.5237819905907,0.7875243664717348,0.9083820662768032,13.56,0.9685610640870616,34,514,10,223,5,70,0,22,4,17,0,1,0,7,C,"missing_construction_area,missing_coordinates",2026-08-18T15:09:03+00:00,mercadolibre|5000000.0|jiutepec|pedregal de las fuentes|1900.0|||
mercadolibre,MLM-2897440679,https://terreno.mercadolibre.com.mx/MLM-2897440679-oportunidad-se-vende-terreno-500-o-1000-metros-a-un-lado-de-sams-cuautla-_JM,2000000.0,MXN,terreno,1000.0,,,,,,,2000.0,,,medium,Morelos,Cuautla,Lázaro Cárdenas,,,0368,approximate_coordinate,1914.0,476.0,3580.4896156099,890.4456933282719,0.4705882352941176,0.5105042016806722,9.39,0.9818763326226012,293,726,144,318,35,115,8,22,7,11,0,2,3,8,C,"missing_construction_area,missing_coordinates",2026-08-18T15:09:03+00:00,mercadolibre|2000000.0|cuautla|lázaro cárdenas|1000.0|||
mercadolibre,MLM-4571122436,https://terreno.mercadolibre.com.mx/MLM-4571122436-terreno-plano-en-venta-chiconcuac-xochitepec-mexico-_JM,500000.0,MXN,terreno,500.0,,,,,,,1000.0,,,medium,Morelos,Xochitepec,Chiconcuac,,,037A,approximate_coordinate,3678.0,1047.0,2433.0795911403716,692.6140108548041,0.4106972301814708,0.5845272206303725,9.48,0.9766734279918864,343,586,138,234,75,116,16,27,5,7,0,0,4,10,C,"missing_construction_area,missing_coordinates",2026-08-18T15:09:03+00:00,mercadolibre|500000.0|xochitepec|chiconcuac|500.0|||
mercadolibre,MLM-5844946628,https://terreno.mercadolibre.com.mx/MLM-5844946628-venta-de-terreno-plano-en-emiliano-zapata-morelosclave-6296-_JM,26000000.0,MXN,terreno,6672.0,,,,,,,3896.88,,,medium,Morelos,Emiliano Zapata,Palo Escrito,,,0377,approximate_coordinate,3279.0,853.0,3440.0527777584334,894.8963157755242,0.2602579132473622,0.4818288393903868,8.28,0.94540059347181,53,560,12,263,7,77,2,12,5,12,0,0,0,4,C,"missing_construction_area,missing_coordinates",2026-08-18T15:09:03+00:00,mercadolibre|26000000.0|emiliano zapata|palo escrito|6672.0|||
mercadolibre,MLM-5468415308,https://terreno.mercadolibre.com.mx/MLM-5468415308-terrenos-en-venta-en-zona-dorada-de-cuernavaca-_JM,6300000.0,MXN,terreno,450.0,,,,,,,14000.0,,,medium,Morelos,Cuernavaca,Vista Hermosa,,,0187,approximate_coordinate,630.0,227.0,1278.5954112765228,460.70025136471537,0.7929515418502202,0.9030837004405288,13.55,0.9970501474926252,426,1565,67,519,78,237,126,195,15,47,16,55,16,61,C,"missing_construction_area,missing_coordinates",2026-08-18T15:09:03+00:00,mercadolibre|6300000.0|cuernavaca|vista hermosa|450.0|||
mercadolibre,MLM-5370001378,https://terreno.mercadolibre.com.mx/MLM-5370001378-se-vende-terreno-en-oportunidad-en-lomas-de-cocoyoc-_JM,3731662.0,MXN,terreno,643.0,,,,,,,5803.52,,,medium,Morelos,Atlatlahucan,Lomas De Cocoyoc,,,0138,approximate_coordinate,973.0,397.0,335.65998876705885,136.9547950056756,0.924433249370277,0.9420654911838792,14.18,0.972568578553616,46,49,16,16,15,15,1,1,0,1,0,0,0,0,C,"missing_construction_area,missing_coordinates",2026-08-18T15:09:03+00:00,mercadolibre|3731662.0|atlatlahucan|lomas de cocoyoc|643.0|||
mercadolibre,MLM-5199712528,https://terreno.mercadolibre.com.mx/MLM-5199712528-terreno-en-venta-en-el-miraval-_JM,2590000.0,MXN,terreno,370.0,,,,,,,7000.0,,,medium,Morelos,Cuernavaca,Miraval,,,0153,approximate_coordinate,2273.0,786.0,3568.732428562898,1234.062335613919,0.5585241730279898,0.8346055979643766,12.38,0.9834494773519163,539,2457,161,892,66,287,65,214,27,74,7,29,23,91,C,"missing_construction_area,missing_coordinates",2026-08-18T15:09:03+00:00,mercadolibre|2590000.0|cuernavaca|miraval|370.0|||
mercadolibre,MLM-2438464407,https://terreno.mercadolibre.com.mx/MLM-2438464407-se-vende-terreno-con-construccion-en-el-fraccionamiento-lomas-de-cocoyoc-_JM,5950000.0,MXN,terreno,829.0,,,,,,,7177.32,,,medium,Morelos,Atlatlahucan,Lomas De Cocoyoc,,,0138,approximate_coordinate,973.0,397.0,335.65998876705885,136.9547950056756,0.924433249370277,0.9420654911838792,14.18,0.972568578553616,46,49,16,16,15,15,1,1,0,1,0,0,0,0,C,"missing_construction_area,missing_coordinates",2026-08-18T15:09:03+00:00,mercadolibre|5950000.0|atlatlahucan|lomas de cocoyoc|829.0|||
mercadolibre,MLM-2705584815,https://terreno.mercadolibre.com.mx/MLM-2705584815-precio-de-remate-2000-m2-en-xochitepec-la-inversion-que-estabas-esperando-_JM,1279999.0,MXN,terreno,2000.0,,,,,,,640.0,,,medium,Morelos,Xochitepec,Xochitepec,,,0045,approximate_coordinate,2836.0,909.0,3021.7912815897585,968.5501674771124,0.4906490649064906,0.6798679867986799,11.16,0.9658634538152612,442,599,157,210,101,132,20,25,9,14,12,12,9,11,C,"missing_construction_area,missing_coordinates",2026-08-18T15:09:03+00:00,mercadolibre|1279999.0|xochitepec|xochitepec|2000.0|||
mercadolibre,MLM-3246463249,https://terreno.mercadolibre.com.mx/MLM-3246463249-terreno-en-venta-emiliano-zapata-morelos-_JM,28700000.0,MXN,terreno,13022.0,,,,,,,2203.96,,,medium,Morelos,Emiliano Zapata,Tezoyuca,,,017A,approximate_coordinate,4912.0,1452.0,2577.2877534851737,761.8529759895098,0.4338842975206611,0.559228650137741,9.98,0.96875,181,337,79,142,23,48,9,11,1,6,0,1,6,6,C,"missing_construction_area,missing_coordinates",2026-08-18T15:09:03+00:00,mercadolibre|28700000.0|emiliano zapata|tezoyuca|13022.0|||
mercadolibre,MLM-4747030498,https://terreno.mercadolibre.com.mx/MLM-4747030498-terreno-en-venta-500-m2-colonia-caudillo-del-sur-yautepec-ubicado-atras-de-la-gasolinera-que-esta-junto-a-la-unidad-deportiva-atlihuayan-_JM,250000.0,MXN,terreno,500.0,,,,,,,500.0,,,medium,Morelos,Jiutepec,Jiutepec,,,0620,approximate_coordinate,3641.0,1153.0,3802.7897203156135,1204.234152025241,0.593235039028621,0.7632263660017347,12.23,0.9759229534510432,779,1118,318,455,111,146,55,77,18,30,7,8,15,19,C,"missing_construction_area,missing_coordinates",2026-08-18T15:09:03+00:00,mercadolibre|250000.0|jiutepec|jiutepec|500.0|||
mercadolibre,MLM-3254214755,https://terreno.mercadolibre.com.mx/MLM-3254214755-venta-terreno-en-fraccionamiento-del-bosque-cuernavaca-t65-_JM,1758896.0,MXN,terreno,1099.0,,,,,,,1600.45,,,medium,Morelos,Cuernavaca,Del Bosque,,,1024,approximate_coordinate,2297.0,656.0,1826.149212248381,521.5297706725894,0.4390243902439024,0.6036585365853658,10.03,0.990210843373494,22,37,9,11,1,2,0,0,0,0,0,0,0,0,C,"missing_construction_area,missing_coordinates",2026-08-18T15:09:03+00:00,mercadolibre|1758896.0|cuernavaca|del bosque|1099.0|||
mercadolibre,MLM-5608415186,https://terreno.mercadolibre.com.mx/MLM-5608415186-terreno-en-venta-en-lomas-de-cocoyoc-675-m2-irregular-y-vista-abierta-_JM,4224000.0,MXN,terreno,675.85,,,,,,,6249.91,,,medium,Morelos,Atlatlahucan,Lomas De Cocoyoc,,,0138,approximate_coordinate,973.0,397.0,335.65998876705885,136.9547950056756,0.924433249370277,0.9420654911838792,14.18,0.972568578553616,46,49,16,16,15,15,1,1,0,1,0,0,0,0,C,"missing_construction_area,missing_coordinates",2026-08-18T15:09:03+00:00,mercadolibre|4224000.0|atlatlahucan|lomas de cocoyoc|675.85|||
mercadolibre,MLM-2985878831,https://terreno.mercadolibre.com.mx/MLM-2985878831-terreno-en-venta-en-parque-industrial-cuautla-_JM,5056000.0,MXN,terreno,5056.0,,,,,,,1000.0,,,medium,Morelos,Ayala,Ciudad Ayala,,,0039,approximate_coordinate,2879.0,820.0,5071.30302452846,1444.4141994141498,0.4402439024390244,0.5597560975609757,10.83,0.9796472184531886,356,513,168,222,52,69,11,16,7,10,2,2,5,6,C,"missing_construction_area,missing_coordinates",2026-08-18T15:09:03+00:00,mercadolibre|5056000.0|ayala|ciudad ayala|5056.0|||
mercadolibre,MLM-2718606247,https://terreno.mercadolibre.com.mx/MLM-2718606247-remate-terreno-2000-m-xochitepec-morelos-ideal-inversionistas-_JM,1279997.0,MXN,terreno,2000.0,,,,,,,640.0,,,medium,Morelos,Xochitepec,Chiconcuac,,,037A,approximate_coordinate,3678.0,1047.0,2433.0795911403716,692.6140108548041,0.4106972301814708,0.5845272206303725,9.48,0.9766734279918864,343,586,138,234,75,116,16,27,5,7,0,0,4,10,C,"missing_construction_area,missing_coordinates",2026-08-18T15:09:03+00:00,mercadolibre|1279997.0|xochitepec|chiconcuac|2000.0|||
mercadolibre,MLM-3071833173,https://terreno.mercadolibre.com.mx/MLM-3071833173-terreno-en-oaxtepec-a-pocos-metros-de-six-flags-escritura-y-uso-de-suelo-_JM,41000000.0,MXN,terreno,36249.0,,,,,,,1131.07,,,medium,Morelos,Yautepec,Amates,,,0428,approximate_coordinate,566.0,213.0,485.0932841428899,182.55277300783663,0.7230046948356808,0.7699530516431925,12.68,0.95985401459854,2,26,0,12,0,4,0,0,0,2,0,0,0,0,C,"missing_construction_area,missing_coordinates",2026-08-18T15:09:03+00:00,mercadolibre|41000000.0|yautepec|amates|36249.0|||
mercadolibre,MLM-4534534796,https://terreno.mercadolibre.com.mx/MLM-4534534796-terreno-en-venta-en-lomas-de-cocoyoc-_JM,5912500.0,MXN,terreno,1075.0,,,,,,,5500.0,,,medium,Morelos,Atlatlahucan,Lomas De Cocoyoc,,,0138,approximate_coordinate,973.0,397.0,335.65998876705885,136.9547950056756,0.924433249370277,0.9420654911838792,14.18,0.972568578553616,46,49,16,16,15,15,1,1,0,1,0,0,0,0,C,"missing_construction_area,missing_coordinates",2026-08-18T15:09:03+00:00,mercadolibre|5912500.0|atlatlahucan|lomas de cocoyoc|1075.0|||
mercadolibre,MLM-4602135488,https://terreno.mercadolibre.com.mx/MLM-4602135488-terreno-en-venta-subdivisible-en-el-centro-de-jiutepec-mor-mexico-_JM,10456000.0,MXN,terreno,4268.0,,,,,,,2449.86,,,medium,Morelos,Jiutepec,Centro Jiutepec,,,1084,approximate_coordinate,2129.0,704.0,6005.284940640889,1985.777641245273,0.5710227272727273,0.8181818181818182,12.54,0.974721189591078,545,1899,218,865,75,232,27,74,32,49,12,16,9,29,C,"missing_construction_area,missing_coordinates",2026-08-18T15:09:03+00:00,mercadolibre|10456000.0|jiutepec|centro jiutepec|4268.0|||
mercadolibre,MLM-3871630662,https://terreno.mercadolibre.com.mx/MLM-3871630662-terreno-en-cuautla-morelos-venta-con-alberca-excelente-jardin-_JM,3750000.0,MXN,terreno,835.0,,2.0,,,,,4491.02,,,medium,Morelos,Cuautla,Lázaro Cárdenas,,,0368,approximate_coordinate,1914.0,476.0,3580.4896156099,890.4456933282719,0.4705882352941176,0.5105042016806722,9.39,0.9818763326226012,293,726,144,318,35,115,8,22,7,11,0,2,3,8,C,"missing_construction_area,missing_coordinates",2026-08-18T15:09:03+00:00,mercadolibre|3750000.0|cuautla|lázaro cárdenas|835.0||2.0|
mercadolibre,MLM-5902658896,https://terreno.mercadolibre.com.mx/MLM-5902658896-venta-terreno-fraccionamiento-del-bosque-cuernavaca-t72-_JM,2340000.0,MXN,terreno,1296.0,,,,,,,1805.56,,,medium,Morelos,Cuernavaca,Del Bosque,,,1024,approximate_coordinate,2297.0,656.0,1826.149212248381,521.5297706725894,0.4390243902439024,0.6036585365853658,10.03,0.990210843373494,22,37,9,11,1,2,0,0,0,0,0,0,0,0,C,"missing_construction_area,missing_coordinates",2026-08-18T15:09:03+00:00,mercadolibre|2340000.0|cuernavaca|del bosque|1296.0|||
mercadolibre,MLM-4532067472,https://terreno.mercadolibre.com.mx/MLM-4532067472-terreno-en-venta-en-lomas-de-cocoyoc-_JM,4014500.0,MXN,terreno,647.0,,,,,,,6204.79,,,medium,Morelos,Atlatlahucan,Lomas De Cocoyoc,,,0138,approximate_coordinate,973.0,397.0,335.65998876705885,136.9547950056756,0.924433249370277,0.9420654911838792,14.18,0.972568578553616,46,49,16,16,15,15,1,1,0,1,0,0,0,0,C,"missing_construction_area,missing_coordinates",2026-08-18T15:09:03+00:00,mercadolibre|4014500.0|atlatlahucan|lomas de cocoyoc|647.0|||
mercadolibre,MLM-5064745416,https://terreno.mercadolibre.com.mx/MLM-5064745416-espectacular-terreno-residencial-colindando-con-residencial-sumiya-_JM,50000000.0,MXN,terreno,14850.0,,,,,,,3367.0,,,medium,Morelos,Jiutepec,Sumiya,,,0122,approximate_coordinate,1858.0,564.0,1540.789692968381,467.7101113208648,0.74822695035461,0.8156028368794326,12.28,0.9752380952380952,13,200,5,81,2,21,0,6,0,7,0,0,0,1,C,"missing_construction_area,missing_coordinates",2026-08-18T15:09:03+00:00,mercadolibre|50000000.0|jiutepec|sumiya|14850.0|||
mercadolibre,MLM-4532041374,https://terreno.mercadolibre.com.mx/MLM-4532041374-terreno-en-venta-en-lomas-de-cocoyoc-_JM,4670568.0,MXN,terreno,741.0,,,,,,,6303.06,,,medium,Morelos,Atlatlahucan,Lomas De Cocoyoc,,,0138,approximate_coordinate,973.0,397.0,335.65998876705885,136.9547950056756,0.924433249370277,0.9420654911838792,14.18,0.972568578553616,46,49,16,16,15,15,1,1,0,1,0,0,0,0,C,"missing_construction_area,missing_coordinates",2026-08-18T15:09:03+00:00,mercadolibre|4670568.0|atlatlahucan|lomas de cocoyoc|741.0|||
mercadolibre,MLM-4756939850,https://terreno.mercadolibre.com.mx/MLM-4756939850-terreno-en-venta-en-pedregal-de-oaxtepec-_JM,1300000.0,MXN,terreno,335.0,,,,,,,3880.6,,,medium,Morelos,Yautepec,Pedregal De Oaxtepec,,,0432,approximate_coordinate,630.0,187.0,653.8871844015503,194.09032298903156,0.4117647058823529,0.3689839572192513,9.09,0.9777777777777776,44,713,12,284,8,176,3,33,0,7,0,3,0,18,C,"missing_construction_area,missing_coordinates",2026-08-18T15:09:03+00:00,mercadolibre|1300000.0|yautepec|pedregal de oaxtepec|335.0|||
mercadolibre,MLM-5428243280,https://terreno.mercadolibre.com.mx/MLM-5428243280-terreno-en-venta-en-cuautla-_JM,1350000.0,MXN,terreno,423.0,,,,,,,3191.49,,,medium,Morelos,Cuautla,Hermenegildo Galeana,,,0476,approximate_coordinate,2592.0,802.0,6350.453763750154,1964.9166352344228,0.4077306733167082,0.6458852867830424,11.07,0.9784122562674096,497,1496,178,557,78,259,40,95,12,43,2,18,13,25,C,"missing_construction_area,missing_coordinates",2026-08-18T15:09:03+00:00,mercadolibre|1350000.0|cuautla|hermenegildo galeana|423.0|||
mercadolibre,MLM-5347925596,https://terreno.mercadolibre.com.mx/MLM-5347925596-terreno-en-venta-en-lomas-de-ahuatlan-cuernavaca-morelos-_JM,2376582.0,MXN,terreno,449.0,,,,,,,5293.06,,,medium,Morelos,Cuernavaca,Lomas De Ahuatlan,,,1537,approximate_coordinate,1676.0,598.0,18239.29130049499,6507.813960439144,0.717391304347826,0.8963210702341137,13.8,0.9688841201716738,129,452,44,172,27,72,4,19,1,12,1,1,6,11,C,"missing_construction_area,missing_coordinates",2026-08-18T15:09:03+00:00,mercadolibre|2376582.0|cuernavaca|lomas de ahuatlan|449.0|||
mercadolibre,MLM-2643948247,https://departamento.mercadolibre.com.mx/MLM-2643948247-departamento-penthouse-en-venta-en-lomas-de-cortes-_JM,3950000.0,MXN,departamento,90.0,95.0,2.0,2.0,2.0,,41578.95,,,,medium,Morelos,Cuernavaca,Lomas De Cortes,,,0717,approximate_coordinate,4653.0,1465.0,6525.631889820488,2054.5993377577943,0.6621160409556314,0.8552901023890785,12.51,0.9622166246851386,266,1045,86,372,46,175,14,66,15,39,4,10,10,36,B,missing_coordinates,2026-08-18T15:09:03+00:00,mercadolibre|3950000.0|cuernavaca|lomas de cortes|90.0|95.0|2.0|2.0
mercadolibre,MLM-3054010939,https://departamento.mercadolibre.com.mx/MLM-3054010939-bonito-departamento-2-recamaras-con-piscina-street-gym-y-pet-park-en-yautepec-_JM,1262500.0,MXN,departamento,69.0,75.0,2.0,2.0,1.0,,16833.33,,,,medium,Morelos,Yautepec,Felipe Neri,,,0502,approximate_coordinate,4591.0,1380.0,4856.398831602696,1459.775732435574,0.4608695652173913,0.586231884057971,10.47,0.9813084112149532,236,659,88,249,42,89,11,26,7,14,1,6,2,11,B,missing_coordinates,2026-08-18T15:09:03+00:00,mercadolibre|1262500.0|yautepec|felipe neri|69.0|75.0|2.0|2.0
mercadolibre,MLM-5229571946,https://departamento.mercadolibre.com.mx/MLM-5229571946-penthouses-en-morelos-con-alberca-900000-aplica-para-credi-_JM,1200000.0,MXN,departamento,10.0,80.0,1.0,1.0,1.0,,15000.0,,,,medium,Morelos,Jiutepec,Progreso,,,0067,approximate_coordinate,3675.0,1094.0,3309.5309493047475,985.2045873576582,0.5246800731261426,0.6709323583180987,10.74,0.969558599695586,123,616,49,295,14,67,4,17,4,13,0,0,1,2,B,"missing_coordinates,suspicious_surface_pair",2026-08-18T15:09:03+00:00,mercadolibre|1200000.0|jiutepec|progreso|10.0|80.0|1.0|1.0
mercadolibre,MLM-5338577512,https://departamento.mercadolibre.com.mx/MLM-5338577512-departamento-en-san-miguel-acapantzingo-_JM,7890000.0,MXN,departamento,363.0,,0.0,3.0,3.0,,,,,,medium,Morelos,Cuernavaca,San Miguel Acapantzingo,,,0416,approximate_coordinate,5741.0,1841.0,5881.919538448441,1886.1894914272043,0.5681694731124389,0.7566539923954373,11.55,0.9880331389996933,366,847,112,276,56,127,16,52,13,34,2,4,19,56,C,"missing_construction_area,missing_coordinates",2026-08-18T15:09:03+00:00,mercadolibre|7890000.0|cuernavaca|san miguel acapantzingo|363.0||0.0|3.0
mercadolibre,MLM-5759035700,https://departamento.mercadolibre.com.mx/MLM-5759035700-departamento-en-venta-149-m2-3-recamaras-3-banos-completos-_JM,3750000.0,MXN,departamento,149.0,149.0,3.0,3.0,3.0,,25167.79,,,,medium,Morelos,Temixco,Burgos,,,0918,approximate_coordinate,471.0,152.0,5847.590513522652,1887.1205054255693,0.3947368421052631,0.6578947368421053,11.27,1.0,33,199,14,105,1,20,1,4,4,8,0,0,1,3,B,"missing_coordinates,same_land_and_construction_area",2026-08-18T15:09:03+00:00,mercadolibre|3750000.0|temixco|burgos|149.0|149.0|3.0|3.0
mercadolibre,MLM-5439223548,https://departamento.mercadolibre.com.mx/MLM-5439223548-dos-departamentos-remodelados-en-venta-parador-hacienda-san-_JM,2700000.0,MXN,departamento,186.0,186.0,2.0,3.0,3.0,,14516.13,,,,medium,Morelos,Jiutepec,Emiliano Zapata,,,0067,approximate_coordinate,3675.0,1094.0,3309.5309493047475,985.2045873576582,0.5246800731261426,0.6709323583180987,10.74,0.969558599695586,19,523,9,246,2,62,1,19,1,13,0,0,0,2,B,"missing_coordinates,same_land_and_construction_area",2026-08-18T15:09:03+00:00,mercadolibre|2700000.0|jiutepec|emiliano zapata|186.0|186.0|2.0|3.0
mercadolibre,MLM-2720564119,https://departamento.mercadolibre.com.mx/MLM-2720564119-departamento-en-venta-en-tetela-cuernavaca-_JM,2500000.0,MXN,departamento,225.0,150.0,3.0,2.0,2.0,,16666.67,,,,medium,Morelos,Cuernavaca,Tetela Del Monte,,,051A,approximate_coordinate,6076.0,1649.0,2685.5540217268144,728.8476928616716,0.4329896907216495,0.6300788356579745,10.09,0.9791542584871948,233,520,133,304,31,61,8,14,1,12,1,1,2,8,B,missing_coordinates,2026-08-18T15:09:03+00:00,mercadolibre|2500000.0|cuernavaca|tetela del monte|225.0|150.0|3.0|2.0
mercadolibre,MLM-5376528522,https://departamento.mercadolibre.com.mx/MLM-5376528522-departamento-santa-fe-lifestyle-xochitepec-morelos-_JM,2350000.0,MXN,departamento,96.0,96.0,5.0,2.0,2.0,,24479.17,,,,medium,Morelos,Xochitepec,Atlacholoaya,,,0473,approximate_coordinate,4533.0,1113.0,3774.834020422152,926.8454146767824,0.316262353998203,0.2407906558849955,7.74,0.9912971404890178,202,236,100,115,22,24,4,6,4,7,0,0,1,1,B,"missing_coordinates,same_land_and_construction_area",2026-08-18T15:09:03+00:00,mercadolibre|2350000.0|xochitepec|atlacholoaya|96.0|96.0|5.0|2.0
mercadolibre,MLM-5824022714,https://departamento.mercadolibre.com.mx/MLM-5824022714-se-vende-departamento-en-condominio-ceiba-emiliano-zapata-morelos-_JM,1100000.0,MXN,departamento,74.0,74.0,4.0,2.0,2.0,,14864.86,,,,medium,Morelos,Emiliano Zapata,Emiliano Zapata,,,0038,approximate_coordinate,4664.0,1272.0,11925.068484559137,3252.2914048797647,0.2940251572327044,0.5345911949685535,9.3,0.981012658227848,788,1784,414,892,76,207,33,62,17,30,6,12,13,23,B,"missing_coordinates,same_land_and_construction_area",2026-08-18T15:09:03+00:00,mercadolibre|1100000.0|emiliano zapata|emiliano zapata|74.0|74.0|4.0|2.0
mercadolibre,MLM-3006163883,https://departamento.mercadolibre.com.mx/MLM-3006163883-departamento-en-oacalco-con-roofgarden-_JM,2250000.0,MXN,departamento,153.0,153.0,5.0,3.0,3.0,,14705.88,,,,medium,Morelos,Yautepec,Oacalco,,,0998,approximate_coordinate,1525.0,464.0,2251.084906966465,684.9202602179932,0.375,0.480603448275862,10.06,0.988219895287958,183,199,76,82,36,37,6,6,7,7,0,0,2,3,B,"missing_coordinates,same_land_and_construction_area",2026-08-18T15:09:03+00:00,mercadolibre|2250000.0|yautepec|oacalco|153.0|153.0|5.0|3.0
mercadolibre,MLM-2853171345,https://departamento.mercadolibre.com.mx/MLM-2853171345-departamento-jiutepec-_JM,1188000.0,MXN,departamento,60.0,60.0,2.0,2.0,1.0,,19800.0,,,,medium,Morelos,Jiutepec,Vista Hermosa,,,0692,approximate_coordinate,4084.0,1127.0,4417.972614073187,1219.161394725877,0.318544809228039,0.5048802129547472,8.73,0.9756769160165212,117,421,74,203,8,35,2,13,0,14,0,1,0,4,B,"missing_coordinates,same_land_and_construction_area",2026-08-18T15:09:03+00:00,mercadolibre|1188000.0|jiutepec|vista hermosa|60.0|60.0|2.0|2.0
mercadolibre,MLM-2748679689,https://departamento.mercadolibre.com.mx/MLM-2748679689-departamento-en-venta-en-cuernavaca-seguridad-24hrs-_JM,2800000.0,MXN,departamento,2000.0,90.0,2.0,2.0,2.0,,31111.11,,,,medium,Morelos,Cuernavaca,Tlaltenango,,,012A,approximate_coordinate,4133.0,1476.0,2395.155084562358,855.371135933714,0.7018970189701897,0.8638211382113821,13.53,0.9696021457308897,170,592,44,169,21,79,15,31,19,42,2,10,5,27,B,"missing_coordinates,suspicious_surface_pair",2026-08-18T15:09:03+00:00,mercadolibre|2800000.0|cuernavaca|tlaltenango|2000.0|90.0|2.0|2.0
mercadolibre,MLM-2904775199,https://departamento.mercadolibre.com.mx/MLM-2904775199-departamento-en-venta-149-m2-3-recamaras-3-banos-completos-_JM,3750000.0,MXN,departamento,149.0,149.0,3.0,3.0,3.0,,25167.79,,,,medium,Morelos,Temixco,Burgos,,,0918,approximate_coordinate,471.0,152.0,5847.590513522652,1887.1205054255693,0.3947368421052631,0.6578947368421053,11.27,1.0,33,199,14,105,1,20,1,4,4,8,0,0,1,3,B,"missing_coordinates,same_land_and_construction_area",2026-08-18T15:09:03+00:00,mercadolibre|3750000.0|temixco|burgos|149.0|149.0|3.0|3.0
mercadolibre,MLM-3009382263,https://departamento.mercadolibre.com.mx/MLM-3009382263-departamento-con-roff-en-oacalco-_JM,2250000.0,MXN,departamento,153.0,153.0,5.0,3.0,3.0,,14705.88,,,,medium,Morelos,Yautepec,Oacalco,,,0998,approximate_coordinate,1525.0,464.0,2251.084906966465,684.9202602179932,0.375,0.480603448275862,10.06,0.988219895287958,183,199,76,82,36,37,6,6,7,7,0,0,2,3,B,"missing_coordinates,same_land_and_construction_area",2026-08-18T15:09:03+00:00,mercadolibre|2250000.0|yautepec|oacalco|153.0|153.0|5.0|3.0
mercadolibre,MLM-3081127767,https://departamento.mercadolibre.com.mx/MLM-3081127767-departamento-en-venta-en-condominio-tamazula-vista-hermosa-cuernavaca-_JM,2300000.0,MXN,departamento,44.0,44.0,2.0,1.0,1.0,,52272.73,,,,medium,Morelos,Cuernavaca,Vista Hermosa,,,0187,approximate_coordinate,630.0,227.0,1278.5954112765228,460.70025136471537,0.7929515418502202,0.9030837004405288,13.55,0.9970501474926252,426,1565,67,519,78,237,126,195,15,47,16,55,16,61,B,"missing_coordinates,same_land_and_construction_area",2026-08-18T15:09:03+00:00,mercadolibre|2300000.0|cuernavaca|vista hermosa|44.0|44.0|2.0|1.0
mercadolibre,MLM-5439143118,https://departamento.mercadolibre.com.mx/MLM-5439143118-oprtunidad-de-inversin-departamento-en-venta-en-lomas-de-c-_JM,7500000.0,MXN,departamento,1109.0,302.0,3.0,2.0,2.0,,24834.44,,,,medium,Morelos,Atlatlahucan,Lomas De Cocoyoc,,,0138,approximate_coordinate,973.0,397.0,335.65998876705885,136.9547950056756,0.924433249370277,0.9420654911838792,14.18,0.972568578553616,46,49,16,16,15,15,1,1,0,1,0,0,0,0,B,missing_coordinates,2026-08-18T15:09:03+00:00,mercadolibre|7500000.0|atlatlahucan|lomas de cocoyoc|1109.0|302.0|3.0|2.0
mercadolibre,MLM-5330777556,https://departamento.mercadolibre.com.mx/MLM-5330777556-departamento-en-venta-en-morelos-emiliano-zapata-_JM,1250000.0,MXN,departamento,50.0,50.0,3.0,2.0,1.0,,25000.0,,,,medium,Morelos,Emiliano Zapata,Modesto Rangel,,,0269,approximate_coordinate,3079.0,985.0,2243.575931821806,717.7402704918737,0.8395939086294416,0.8913705583756345,13.39,0.9699754901960784,62,319,23,144,10,36,1,4,0,5,0,1,0,1,B,"missing_coordinates,same_land_and_construction_area",2026-08-18T15:09:03+00:00,mercadolibre|1250000.0|emiliano zapata|modesto rangel|50.0|50.0|3.0|2.0
mercadolibre,MLM-5811579362,https://departamento.mercadolibre.com.mx/MLM-5811579362-departamento-en-altos-de-oaxtepec-preventa-_JM,1799000.0,MXN,departamento,94.0,94.0,4.0,2.0,2.0,,19138.3,,,,medium,Morelos,Yautepec,Altos De Oaxtepec,,,0610,approximate_coordinate,122.0,44.0,220.311520394528,79.4566139127806,0.7954545454545454,0.7045454545454546,11.64,0.9245283018867924,0,3,0,0,0,0,0,1,0,1,0,0,0,0,B,"missing_coordinates,same_land_and_construction_area",2026-08-18T15:09:03+00:00,mercadolibre|1799000.0|yautepec|altos de oaxtepec|94.0|94.0|4.0|2.0
mercadolibre,MLM-5369657832,https://departamento.mercadolibre.com.mx/MLM-5369657832-departamento-en-venta-en-morelos-cascadas-de-cocoyoc-oaxtepec-_JM,2650000.0,MXN,departamento,104.0,104.0,5.0,2.0,2.0,,25480.77,,,,medium,Morelos,Yautepec,Real de Oaxtepec,,,0409,approximate_coordinate,288.0,100.0,353.56376816215766,122.76519727852695,0.83,0.79,11.66,0.9645390070921984,2,44,1,12,0,11,0,2,0,0,0,0,0,0,B,"missing_coordinates,same_land_and_construction_area",2026-08-18T15:09:03+00:00,mercadolibre|2650000.0|yautepec|real de oaxtepec|104.0|104.0|5.0|2.0
mercadolibre,MLM-5573424364,https://departamento.mercadolibre.com.mx/MLM-5573424364-pre-venta-de-departamentos-centro-de-jiutepec-morelosclave-4287-_JM,1417500.0,MXN,departamento,72.0,72.0,0.0,2.0,1.0,,19687.5,,,,medium,Morelos,Jiutepec,Centro Jiutepec,,,1084,approximate_coordinate,2129.0,704.0,6005.284940640889,1985.777641245273,0.5710227272727273,0.8181818181818182,12.54,0.974721189591078,545,1899,218,865,75,232,27,74,32,49,12,16,9,29,B,"missing_coordinates,same_land_and_construction_area",2026-08-18T15:09:03+00:00,mercadolibre|1417500.0|jiutepec|centro jiutepec|72.0|72.0|0.0|2.0
mercadolibre,MLM-5633123440,https://departamento.mercadolibre.com.mx/MLM-5633123440-loft-en-venta-condominio-altea-jardines-de-reforma-ii-cuernavaca-_JM,2800000.0,MXN,departamento,50.0,50.0,2.0,1.0,1.0,,56000.0,,,,medium,Morelos,Cuernavaca,Jardines De Reforma,,,0721,approximate_coordinate,2498.0,796.0,1688.719393048735,538.1187497465145,0.8165829145728644,0.8932160804020101,13.3,0.9615082482325216,161,921,25,248,37,177,25,95,8,37,4,20,14,44,B,"missing_coordinates,same_land_and_construction_area",2026-08-18T15:09:03+00:00,mercadolibre|2800000.0|cuernavaca|jardines de reforma|50.0|50.0|2.0|1.0
mercadolibre,MLM-2945637589,https://departamento.mercadolibre.com.mx/MLM-2945637589-departamento-en-venta-en-fraccionamiento-la-loma-_JM,1400000.0,MXN,departamento,45.0,45.0,2.0,2.0,1.0,,31111.11,,,,medium,Morelos,Atlatlahucan,San Juan Texcalpan,,,0138,approximate_coordinate,973.0,397.0,335.65998876705885,136.9547950056756,0.924433249370277,0.9420654911838792,14.18,0.972568578553616,0,1,0,0,0,0,0,0,0,0,0,0,0,0,B,"missing_coordinates,same_land_and_construction_area",2026-08-18T15:09:03+00:00,mercadolibre|1400000.0|atlatlahucan|san juan texcalpan|45.0|45.0|2.0|2.0
mercadolibre,MLM-4476112180,https://departamento.mercadolibre.com.mx/MLM-4476112180-paraiso-country-club-departamento-con-amplios-espacios-4-recamaras-alberca-jacuzzi-pool-bar-_JM,6200000.0,MXN,departamento,187.66,187.66,4.0,4.0,4.0,,33038.47,,,,medium,Morelos,Emiliano Zapata,Emiliano Zapata,,,0038,approximate_coordinate,4664.0,1272.0,11925.068484559137,3252.2914048797647,0.2940251572327044,0.5345911949685535,9.3,0.981012658227848,788,1784,414,892,76,207,33,62,17,30,6,12,13,23,B,"missing_coordinates,same_land_and_construction_area",2026-08-18T15:09:03+00:00,mercadolibre|6200000.0|emiliano zapata|emiliano zapata|187.66|187.66|4.0|4.0
mercadolibre,MLM-2582345675,https://departamento.mercadolibre.com.mx/MLM-2582345675-departamento-en-venta-yautepec-morelos-_JM,1214700.0,MXN,departamento,89.0,89.0,2.0,2.0,2.0,,13648.31,,,,medium,Morelos,Yautepec,Felipe Neri,,,0502,approximate_coordinate,4591.0,1380.0,4856.398831602696,1459.775732435574,0.4608695652173913,0.586231884057971,10.47,0.9813084112149532,236,659,88,249,42,89,11,26,7,14,1,6,2,11,B,"missing_coordinates,same_land_and_construction_area",2026-08-18T15:09:03+00:00,mercadolibre|1214700.0|yautepec|felipe neri|89.0|89.0|2.0|2.0
mercadolibre,MLM-5445128238,https://departamento.mercadolibre.com.mx/MLM-5445128238-departamento-en-venta-en-jiutepec-morelos-centro-_JM,2300000.0,MXN,departamento,78.0,78.0,5.0,2.0,2.0,,29487.18,,,,medium,Morelos,Jiutepec,Centro Jiutepec,,,1084,approximate_coordinate,2129.0,704.0,6005.284940640889,1985.777641245273,0.5710227272727273,0.8181818181818182,12.54,0.974721189591078,545,1899,218,865,75,232,27,74,32,49,12,16,9,29,B,"missing_coordinates,same_land_and_construction_area",2026-08-18T15:09:03+00:00,mercadolibre|2300000.0|jiutepec|centro jiutepec|78.0|78.0|5.0|2.0
mercadolibre,MLM-2784891811,https://departamento.mercadolibre.com.mx/MLM-2784891811-departamento-en-venta-san-anton-cuernavaca-puente-2000-_JM,2000000.0,MXN,departamento,70.0,70.0,4.0,2.0,2.0,,28571.43,,,,medium,Morelos,Cuernavaca,San Antón,,,0986,approximate_coordinate,3987.0,1161.0,7790.625045113483,2268.6018754393663,0.4453057708871662,0.7002583979328165,11.3,0.973871733966746,297,1880,137,770,34,262,4,99,8,49,0,46,8,95,B,"missing_coordinates,same_land_and_construction_area",2026-08-18T15:09:03+00:00,mercadolibre|2000000.0|cuernavaca|san antón|70.0|70.0|4.0|2.0
mercadolibre,MLM-5553735570,https://departamento.mercadolibre.com.mx/MLM-5553735570-loft-de-lujo-en-venta-en-oaxtepec-morelos-amenidades-premium-_JM,1800000.0,MXN,departamento,42.0,42.0,1.0,1.0,1.0,,42857.14,,,,medium,Morelos,Yautepec,Oaxtepec Centro,,,0273,approximate_coordinate,45.0,12.0,30.91523293927924,8.244062117141132,0.5833333333333334,0.6666666666666666,11.36,1.0,49,557,13,222,28,184,0,20,4,9,0,2,0,11,B,"missing_coordinates,same_land_and_construction_area",2026-08-18T15:09:03+00:00,mercadolibre|1800000.0|yautepec|oaxtepec centro|42.0|42.0|1.0|1.0
mercadolibre,MLM-5445165554,https://departamento.mercadolibre.com.mx/MLM-5445165554-departamento-en-venta-en-residencial-magnolia-jiutepec-morelos-_JM,1585000.0,MXN,departamento,65.0,65.0,3.0,2.0,1.0,,24384.62,,,,medium,Morelos,Jiutepec,Centro Jiutepec,,,1084,approximate_coordinate,2129.0,704.0,6005.284940640889,1985.777641245273,0.5710227272727273,0.8181818181818182,12.54,0.974721189591078,545,1899,218,865,75,232,27,74,32,49,12,16,9,29,B,"missing_coordinates,same_land_and_construction_area",2026-08-18T15:09:03+00:00,mercadolibre|1585000.0|jiutepec|centro jiutepec|65.0|65.0|3.0|2.0
mercadolibre,MLM-2798041817,https://departamento.mercadolibre.com.mx/MLM-2798041817-departamento-en-venta-en-condominio-horizontal-la-loma-_JM,1275000.0,MXN,departamento,62.0,62.0,0.0,2.0,1.0,,20564.52,,,,medium,Morelos,Atlatlahucan,San Juan Texcalpan,,,0138,approximate_coordinate,973.0,397.0,335.65998876705885,136.9547950056756,0.924433249370277,0.9420654911838792,14.18,0.972568578553616,0,1,0,0,0,0,0,0,0,0,0,0,0,0,B,"missing_coordinates,same_land_and_construction_area",2026-08-18T15:09:03+00:00,mercadolibre|1275000.0|atlatlahucan|san juan texcalpan|62.0|62.0|0.0|2.0
mercadolibre,MLM-3084897379,https://departamento.mercadolibre.com.mx/MLM-3084897379-departamento-en-pb-con-jardin-santa-fe-lifestyle-xochitepec-_JM,2350000.0,MXN,departamento,96.0,96.0,5.0,2.0,2.0,,24479.17,,,,medium,Morelos,Xochitepec,Atlacholoaya,,,0473,approximate_coordinate,4533.0,1113.0,3774.834020422152,926.8454146767824,0.316262353998203,0.2407906558849955,7.74,0.9912971404890178,202,236,100,115,22,24,4,6,4,7,0,0,1,1,B,"missing_coordinates,same_land_and_construction_area",2026-08-18T15:09:03+00:00,mercadolibre|2350000.0|xochitepec|atlacholoaya|96.0|96.0|5.0|2.0
mercadolibre,MLM-4514372026,https://departamento.mercadolibre.com.mx/MLM-4514372026-departamento-en-cuernavaca-morelos-modelo-cascadas-con-alberca-y-lago-artificial-_JM,4080000.0,MXN,departamento,128.77,128.77,3.0,2.0,2.0,,31684.4,,,,medium,Morelos,Yautepec,Real de Oaxtepec,,,0409,approximate_coordinate,288.0,100.0,353.56376816215766,122.76519727852695,0.83,0.79,11.66,0.9645390070921984,2,44,1,12,0,11,0,2,0,0,0,0,0,0,B,"missing_coordinates,same_land_and_construction_area",2026-08-18T15:09:03+00:00,mercadolibre|4080000.0|yautepec|real de oaxtepec|128.77|128.77|3.0|2.0
mercadolibre,MLM-5641715946,https://departamento.mercadolibre.com.mx/MLM-5641715946-departamento-en-venta-en-atlatlahucan-_JM,1200000.0,MXN,departamento,85.0,85.0,3.0,2.0,1.0,,14117.65,,,,medium,Morelos,Atlatlahucan,San Juan Texcalpan,,,0138,approximate_coordinate,973.0,397.0,335.65998876705885,136.9547950056756,0.924433249370277,0.9420654911838792,14.18,0.972568578553616,0,1,0,0,0,0,0,0,0,0,0,0,0,0,B,"missing_coordinates,same_land_and_construction_area",2026-08-18T15:09:03+00:00,mercadolibre|1200000.0|atlatlahucan|san juan texcalpan|85.0|85.0|3.0|2.0
mercadolibre,MLM-3290425437,https://departamento.mercadolibre.com.mx/MLM-3290425437-depa-nuevo-3-recamaras-2-banos-2-estacionamientos-con-exclusivo-lago-artificial-casa-club-multicanchas-deportivas-_JM,2700000.0,MXN,casa,,100.0,3.0,2.0,2.0,,27000.0,,,,medium,Morelos,Yautepec,Pedregal De Oaxtepec,,,0432,approximate_coordinate,630.0,187.0,653.8871844015503,194.09032298903156,0.4117647058823529,0.3689839572192513,9.09,0.9777777777777776,44,713,12,284,8,176,3,33,0,7,0,3,0,18,C,"missing_coordinates,missing_land_area",2026-08-18T15:09:03+00:00,mercadolibre|2700000.0|yautepec|pedregal de oaxtepec||100.0|3.0|2.0
mercadolibre,MLM-4904087280,https://departamento.mercadolibre.com.mx/MLM-4904087280-departamento-en-jose-g-parres-jiutepec-_JM,3000000.0,MXN,departamento,160.0,160.0,3.0,3.0,3.0,,18750.0,,,,medium,Morelos,Jiutepec,José G Parres,,,0175,approximate_coordinate,558.0,162.0,3300.7406107033376,958.2795321396786,0.4938271604938271,0.6975308641975309,10.94,0.959752321981424,96,232,43,113,10,22,5,7,2,3,0,0,1,1,B,"missing_coordinates,same_land_and_construction_area",2026-08-18T15:09:03+00:00,mercadolibre|3000000.0|jiutepec|josé g parres|160.0|160.0|3.0|3.0
mercadolibre,MLM-5705627478,https://departamento.mercadolibre.com.mx/MLM-5705627478-departamento-en-sitio-del-sol-cuautla-morelos-venta-_JM,1880000.0,MXN,departamento,70.0,80.0,3.0,2.0,2.0,,23500.0,,,,medium,Morelos,Cuautla,Sitio Del Sol,,,0014,approximate_coordinate,2050.0,523.0,1887.006347057831,481.4167412249978,0.3862332695984704,0.3766730401529636,8.75,0.9742574257425742,160,265,83,128,40,48,1,2,1,4,3,3,2,2,B,missing_coordinates,2026-08-18T15:09:03+00:00,mercadolibre|1880000.0|cuautla|sitio del sol|70.0|80.0|3.0|2.0
mercadolibre,MLM-5762621778,https://departamento.mercadolibre.com.mx/MLM-5762621778-departamento-en-venta-en-tetela-del-monte-cuernavaca-morelos-_JM,2390000.0,MXN,departamento,282.0,120.0,2.0,3.0,3.0,,19916.67,,,,medium,Morelos,Cuernavaca,Tetela Del Monte,,,051A,approximate_coordinate,6076.0,1649.0,2685.5540217268144,728.8476928616716,0.4329896907216495,0.6300788356579745,10.09,0.9791542584871948,233,520,133,304,31,61,8,14,1,12,1,1,2,8,B,missing_coordinates,2026-08-18T15:09:03+00:00,mercadolibre|2390000.0|cuernavaca|tetela del monte|282.0|120.0|2.0|3.0
mercadolibre,MLM-5527936258,https://departamento.mercadolibre.com.mx/MLM-5527936258-departamento-3-recamaras-con-piscina-y-sports-club-al-sur-de-cuernavaca-santa-fe-_JM,1900000.0,MXN,departamento,88.0,88.0,3.0,2.0,2.0,,21590.91,,,,medium,Morelos,Ayala,Tlayecac,,,0043,approximate_coordinate,1614.0,459.0,4698.920401625593,1336.3100770422222,0.4684095860566449,0.457516339869281,9.3,0.9942196531791908,104,160,48,70,14,25,2,3,4,6,0,0,1,1,B,"missing_coordinates,same_land_and_construction_area",2026-08-18T15:09:03+00:00,mercadolibre|1900000.0|ayala|tlayecac|88.0|88.0|3.0|2.0
mercadolibre,MLM-5950095526,https://departamento.mercadolibre.com.mx/MLM-5950095526-departamento-nuevo-3-recamaras-2-banos-2-estacionamientos-cascadas-cocoyoc-morelos-con-vista-al-lago-artificial-y-casa-club-_JM,4120000.0,MXN,casa,,128.77,3.0,2.0,2.0,,31995.03,,,,medium,Morelos,Yautepec,Pedregal De Oaxtepec,,,0432,approximate_coordinate,630.0,187.0,653.8871844015503,194.09032298903156,0.4117647058823529,0.3689839572192513,9.09,0.9777777777777776,44,713,12,284,8,176,3,33,0,7,0,3,0,18,C,"missing_coordinates,missing_land_area",2026-08-18T15:09:03+00:00,mercadolibre|4120000.0|yautepec|pedregal de oaxtepec||128.77|3.0|2.0
mercadolibre,MLM-3129632463,https://departamento.mercadolibre.com.mx/MLM-3129632463-departamento-en-sitio-del-sol-cuautla-morelos-venta-_JM,1750000.0,MXN,departamento,70.0,88.0,3.0,2.0,2.0,,19886.36,,,,medium,Morelos,Cuautla,Sitio Del Sol,,,0014,approximate_coordinate,2050.0,523.0,1887.006347057831,481.4167412249978,0.3862332695984704,0.3766730401529636,8.75,0.9742574257425742,160,265,83,128,40,48,1,2,1,4,3,3,2,2,B,missing_coordinates,2026-08-18T15:09:03+00:00,mercadolibre|1750000.0|cuautla|sitio del sol|70.0|88.0|3.0|2.0
mercadolibre,MLM-5527948052,https://departamento.mercadolibre.com.mx/MLM-5527948052-departamento-3-recamaras-con-piscina-y-sports-club-al-sur-de-cuernavaca-santa-fe-_JM,1900000.0,MXN,departamento,88.0,88.0,3.0,2.0,2.0,,21590.91,,,,medium,Morelos,Ayala,Tlayecac,,,0043,approximate_coordinate,1614.0,459.0,4698.920401625593,1336.3100770422222,0.4684095860566449,0.457516339869281,9.3,0.9942196531791908,104,160,48,70,14,25,2,3,4,6,0,0,1,1,B,"missing_coordinates,same_land_and_construction_area",2026-08-18T15:09:03+00:00,mercadolibre|1900000.0|ayala|tlayecac|88.0|88.0|3.0|2.0
mercadolibre,MLM-5048224770,https://departamento.mercadolibre.com.mx/MLM-5048224770-depa-con-amplia-terraza-y-frente-a-alberca-en-xochitepec-morelos-_JM,1290000.0,MXN,departamento,52.0,52.0,3.0,2.0,1.0,,24807.69,,,,medium,Morelos,Xochitepec,Atlacholoaya,,,0473,approximate_coordinate,4533.0,1113.0,3774.834020422152,926.8454146767824,0.316262353998203,0.2407906558849955,7.74,0.9912971404890178,202,236,100,115,22,24,4,6,4,7,0,0,1,1,B,"missing_coordinates,same_land_and_construction_area",2026-08-18T15:09:03+00:00,mercadolibre|1290000.0|xochitepec|atlacholoaya|52.0|52.0|3.0|2.0
mercadolibre,MLM-5557575130,https://departamento.mercadolibre.com.mx/MLM-5557575130-departamento-equipado-2-recamaras-en-primer-nivel-sin-alberca-_JM,660000.0,MXN,departamento,45.0,42.0,2.0,2.0,1.0,,15714.29,,,,medium,Morelos,Temixco,Temixco,,,0176,approximate_coordinate,1139.0,368.0,1140.065376309023,368.34421289000915,0.6331521739130435,0.7717391304347826,12.16,0.9785932721712538,475,981,211,458,61,117,28,54,18,25,21,26,5,17,B,missing_coordinates,2026-08-18T15:09:03+00:00,mercadolibre|660000.0|temixco|temixco|45.0|42.0|2.0|2.0
mercadolibre,MLM-5585344486,https://departamento.mercadolibre.com.mx/MLM-5585344486-departamento-2-recamaras-con-piscina-y-street-gym-en-yautepec-y-pet-park-_JM,1262500.0,MXN,departamento,69.0,75.0,2.0,2.0,1.0,,16833.33,,,,medium,Morelos,Yautepec,Felipe Neri,,,0502,approximate_coordinate,4591.0,1380.0,4856.398831602696,1459.775732435574,0.4608695652173913,0.586231884057971,10.47,0.9813084112149532,236,659,88,249,42,89,11,26,7,14,1,6,2,11,B,missing_coordinates,2026-08-18T15:09:03+00:00,mercadolibre|1262500.0|yautepec|felipe neri|69.0|75.0|2.0|2.0
mercadolibre,MLM-4818521004,https://departamento.mercadolibre.com.mx/MLM-4818521004-departamento-en-venta-en-tejalpa-jiutepec-morelos-_JM,1100000.0,MXN,departamento,75.0,75.0,3.0,3.0,1.0,,14666.67,,,,medium,Morelos,Jiutepec,Tejalpa,,,0423,approximate_coordinate,5818.0,1700.0,8892.77307062687,2598.438332771688,0.36,0.6058823529411764,10.05,0.9718759987216364,944,2148,481,988,122,295,40,93,20,55,3,20,14,34,B,"missing_coordinates,same_land_and_construction_area",2026-08-18T15:09:03+00:00,mercadolibre|1100000.0|jiutepec|tejalpa|75.0|75.0|3.0|3.0
mercadolibre,MLM-3233322585,https://departamento.mercadolibre.com.mx/MLM-3233322585-penthouse-de-lujo-en-residencial-averanda-cuernavaca-morelos-_JM,11800000.0,MXN,departamento,217.0,217.0,9.0,5.0,5.0,,54377.88,,,,medium,Morelos,Cuernavaca,Villas Del Lago,,,0609,approximate_coordinate,1340.0,411.0,1591.5286222621496,488.14795802219663,0.6447688564476886,0.7883211678832117,12.03,0.9624819624819624,379,1303,179,575,66,226,11,46,8,33,8,14,4,22,B,"missing_coordinates,same_land_and_construction_area",2026-08-18T15:09:03+00:00,mercadolibre|11800000.0|cuernavaca|villas del lago|217.0|217.0|9.0|5.0
mercadolibre,MLM-3200914775,https://casa.mercadolibre.com.mx/MLM-3200914775-enorme-e-inigualable-casa-en-venta-lista-para-habitar-localizada-en-real-de-oaxtepec-mor-_JM,10900000.0,MXN,casa,1800.0,700.0,6.0,9.0,9.0,,15571.43,,,,medium,Morelos,Yautepec,Real de Oaxtepec,,,0409,approximate_coordinate,288.0,100.0,353.56376816215766,122.76519727852695,0.83,0.79,11.66,0.9645390070921984,2,44,1,12,0,11,0,2,0,0,0,0,0,0,B,missing_coordinates,2026-08-18T15:09:03+00:00,mercadolibre|10900000.0|yautepec|real de oaxtepec|1800.0|700.0|6.0|9.0
mercadolibre,MLM-5064730880,https://casa.mercadolibre.com.mx/MLM-5064730880-casa-en-venta-en-fracc-residencial-sumiya-estricta-vigilancia-24-horas-_JM,46500000.0,MXN,casa,4312.0,1681.0,8.0,9.0,9.0,,27662.11,,,,medium,Morelos,Jiutepec,Sumiya,,,0122,approximate_coordinate,1858.0,564.0,1540.789692968381,467.7101113208648,0.74822695035461,0.8156028368794326,12.28,0.9752380952380952,13,200,5,81,2,21,0,6,0,7,0,0,0,1,B,missing_coordinates,2026-08-18T15:09:03+00:00,mercadolibre|46500000.0|jiutepec|sumiya|4312.0|1681.0|8.0|9.0
mercadolibre,MLM-4791954054,https://casa.mercadolibre.com.mx/MLM-4791954054-casa-cuautla-morelos-_JM,1850000.0,MXN,casa,160.0,130.0,3.0,2.0,2.0,,14230.77,,,,medium,Morelos,Cuautla,Otilio Montaño,,,0423,approximate_coordinate,3356.0,893.0,2745.0920655164637,730.4431509255668,0.4994400895856662,0.5912653975363942,10.43,0.9924065420560748,74,438,32,182,14,82,1,14,1,9,0,1,0,4,B,missing_coordinates,2026-08-18T15:09:03+00:00,mercadolibre|1850000.0|cuautla|otilio montaño|160.0|130.0|3.0|2.0
mercadolibre,MLM-3279323777,https://casa.mercadolibre.com.mx/MLM-3279323777-casa-con-jardin-y-jacuzzi-privado-en-condominio-con-seguridad-en-xochitepec-_JM,5750000.0,MXN,casa,208.0,268.0,2.0,3.0,3.0,,21455.22,,,,medium,Morelos,Xochitepec,Centro,,,0045,approximate_coordinate,2836.0,909.0,3021.7912815897585,968.5501674771124,0.4906490649064906,0.6798679867986799,11.16,0.9658634538152612,393,612,132,212,94,136,20,27,6,14,12,12,9,12,B,missing_coordinates,2026-08-18T15:09:03+00:00,mercadolibre|5750000.0|xochitepec|centro|208.0|268.0|2.0|3.0
mercadolibre,MLM-3227069457,https://casa.mercadolibre.com.mx/MLM-3227069457-venta-de-terreno-lomas-de-cocoyoc-residencial-la-hondonada-yautepec-morelos-disfruta-de-una-calidad-de-vida-inigualable-hain-_JM,4000000.0,MXN,casa,517.57,517.57,,,2.0,,7728.42,,,,medium,Morelos,Yautepec,Lomas De Cocoyoc,,,0413,approximate_coordinate,169.0,52.0,291.74148178346906,89.76660977952893,0.5961538461538461,0.6923076923076923,10.85,1.0,318,718,115,283,67,196,20,31,3,7,2,3,10,17,C,"missing_coordinates,same_land_and_construction_area",2026-08-18T15:09:03+00:00,mercadolibre|4000000.0|yautepec|lomas de cocoyoc|517.57|517.57||
mercadolibre,MLM-2744754315,https://casa.mercadolibre.com.mx/MLM-2744754315-casa-en-cuautla-morelos-escelente-ubicacion-col-hermenegildo-galeana-_JM,1490000.0,MXN,casa,105.0,79.0,3.0,2.0,1.0,,18860.76,,,,medium,Morelos,Cuautla,Hermenegildo Galeana,,,0476,approximate_coordinate,2592.0,802.0,6350.453763750154,1964.9166352344228,0.4077306733167082,0.6458852867830424,11.07,0.9784122562674096,497,1496,178,557,78,259,40,95,12,43,2,18,13,25,B,missing_coordinates,2026-08-18T15:09:03+00:00,mercadolibre|1490000.0|cuautla|hermenegildo galeana|105.0|79.0|3.0|2.0
mercadolibre,MLM-2874594771,https://casa.mercadolibre.com.mx/MLM-2874594771-oportunidad-casa-con-uso-comercial-en-vista-hermosa-cuernavaca-morelos-_JM,7470000.0,MXN,casa,302.0,359.0,4.0,4.0,4.0,,20807.8,,,,medium,Morelos,Cuernavaca,Vista Hermosa,,,0187,approximate_coordinate,630.0,227.0,1278.5954112765228,460.70025136471537,0.7929515418502202,0.9030837004405288,13.55,0.9970501474926252,426,1565,67,519,78,237,126,195,15,47,16,55,16,61,B,missing_coordinates,2026-08-18T15:09:03+00:00,mercadolibre|7470000.0|cuernavaca|vista hermosa|302.0|359.0|4.0|4.0
mercadolibre,MLM-3233382991,https://casa.mercadolibre.com.mx/MLM-3233382991-casa-en-venta-en-lomas-de-cocoyoc-_JM,7950000.0,MXN,casa,471.0,305.0,4.0,4.0,4.0,,26065.57,,,,medium,Morelos,Atlatlahucan,Lomas De Cocoyoc,,,0138,approximate_coordinate,973.0,397.0,335.65998876705885,136.9547950056756,0.924433249370277,0.9420654911838792,14.18,0.972568578553616,46,49,16,16,15,15,1,1,0,1,0,0,0,0,B,missing_coordinates,2026-08-18T15:09:03+00:00,mercadolibre|7950000.0|atlatlahucan|lomas de cocoyoc|471.0|305.0|4.0|4.0
mercadolibre,MLM-2470937067,https://casa.mercadolibre.com.mx/MLM-2470937067-casa-burgos-cuernavaca-_JM,10850000.0,MXN,casa,680.0,360.0,3.0,4.0,4.0,,30138.89,,,,medium,Morelos,Temixco,Burgos,,,0918,approximate_coordinate,471.0,152.0,5847.590513522652,1887.1205054255693,0.3947368421052631,0.6578947368421053,11.27,1.0,33,199,14,105,1,20,1,4,4,8,0,0,1,3,B,missing_coordinates,2026-08-18T15:09:03+00:00,mercadolibre|10850000.0|temixco|burgos|680.0|360.0|3.0|4.0
mercadolibre,MLM-5650200414,https://casa.mercadolibre.com.mx/MLM-5650200414-casa-en-altos-de-oaxtepec-morelos-municipio-de-yautepec-venta-exclusivo-fraccionamiento-acceso-controladoseguridad-las-24-horas-_JM,5100000.0,MXN,casa,300.0,255.0,3.0,3.0,3.0,,20000.0,,,,medium,Morelos,Yautepec,Altos De Oaxtepec,,,0610,approximate_coordinate,122.0,44.0,220.311520394528,79.4566139127806,0.7954545454545454,0.7045454545454546,11.64,0.9245283018867924,0,3,0,0,0,0,0,1,0,1,0,0,0,0,B,missing_coordinates,2026-08-18T15:09:03+00:00,mercadolibre|5100000.0|yautepec|altos de oaxtepec|300.0|255.0|3.0|3.0
mercadolibre,MLM-4761858792,https://casa.mercadolibre.com.mx/MLM-4761858792-casa-en-venta-en-del-bosque-_JM,11500000.0,MXN,casa,500.0,468.0,4.0,3.0,3.0,,24572.65,,,,medium,Morelos,Cuernavaca,Del Bosque,,,1024,approximate_coordinate,2297.0,656.0,1826.149212248381,521.5297706725894,0.4390243902439024,0.6036585365853658,10.03,0.990210843373494,22,37,9,11,1,2,0,0,0,0,0,0,0,0,B,missing_coordinates,2026-08-18T15:09:03+00:00,mercadolibre|11500000.0|cuernavaca|del bosque|500.0|468.0|4.0|3.0
mercadolibre,MLM-2676697903,https://casa.mercadolibre.com.mx/MLM-2676697903-casa-en-fraccionamiento-con-casa-club-en-xochitepec-morelos-_JM,2650000.0,MXN,casa,200.0,159.0,4.0,3.0,3.0,,16666.67,,,,medium,Morelos,Xochitepec,Atlacholoaya,,,0473,approximate_coordinate,4533.0,1113.0,3774.834020422152,926.8454146767824,0.316262353998203,0.2407906558849955,7.74,0.9912971404890178,202,236,100,115,22,24,4,6,4,7,0,0,1,1,B,missing_coordinates,2026-08-18T15:09:03+00:00,mercadolibre|2650000.0|xochitepec|atlacholoaya|200.0|159.0|4.0|3.0
mercadolibre,MLM-2858219567,https://casa.mercadolibre.com.mx/MLM-2858219567-casa-en-venta-paraiso-country-club-_JM,8700000.0,MXN,casa,508.0,447.0,4.0,3.0,3.0,,19463.09,,,,medium,Morelos,Emiliano Zapata,Emiliano Zapata,,,0038,approximate_coordinate,4664.0,1272.0,11925.068484559137,3252.2914048797647,0.2940251572327044,0.5345911949685535,9.3,0.981012658227848,788,1784,414,892,76,207,33,62,17,30,6,12,13,23,B,missing_coordinates,2026-08-18T15:09:03+00:00,mercadolibre|8700000.0|emiliano zapata|emiliano zapata|508.0|447.0|4.0|3.0
mercadolibre,MLM-3058415499,https://casa.mercadolibre.com.mx/MLM-3058415499-casa-en-burgos-cuernavaca-con-seguridad-247-alberca-y-excelentes-espacios-_JM,7600000.0,MXN,casa,533.0,560.0,4.0,5.0,5.0,,13571.43,,,,medium,Morelos,Temixco,Burgos,,,0918,approximate_coordinate,471.0,152.0,5847.590513522652,1887.1205054255693,0.3947368421052631,0.6578947368421053,11.27,1.0,33,199,14,105,1,20,1,4,4,8,0,0,1,3,B,missing_coordinates,2026-08-18T15:09:03+00:00,mercadolibre|7600000.0|temixco|burgos|533.0|560.0|4.0|5.0
mercadolibre,MLM-3289901267,https://casa.mercadolibre.com.mx/MLM-3289901267-venta-de-casa-de-campo-en-venta-en-yautepec-terreno-de-1000-m-_JM,1800000.0,MXN,casa,1000.0,120.0,2.0,3.0,3.0,,15000.0,,,,medium,Morelos,Yautepec,San Carlos,,,0470,approximate_coordinate,1069.0,344.0,2523.948006277994,812.1965520670065,0.4651162790697674,0.5784883720930233,11.19,0.9732620320855616,297,1815,123,846,33,219,22,88,9,49,3,22,6,41,B,"missing_coordinates,suspicious_surface_pair",2026-08-18T15:09:03+00:00,mercadolibre|1800000.0|yautepec|san carlos|1000.0|120.0|2.0|3.0
mercadolibre,MLM-4761612978,https://casa.mercadolibre.com.mx/MLM-4761612978-casa-en-venta-en-lomas-de-cortes-_JM,8890000.0,MXN,casa,604.0,506.0,4.0,4.0,4.0,,17569.17,,,,medium,Morelos,Cuernavaca,Lomas De Cortes,,,0717,approximate_coordinate,4653.0,1465.0,6525.631889820488,2054.5993377577943,0.6621160409556314,0.8552901023890785,12.51,0.9622166246851386,266,1045,86,372,46,175,14,66,15,39,4,10,10,36,B,missing_coordinates,2026-08-18T15:09:03+00:00,mercadolibre|8890000.0|cuernavaca|lomas de cortes|604.0|506.0|4.0|4.0
mercadolibre,MLM-5357305184,https://casa.mercadolibre.com.mx/MLM-5357305184-casa-en-venta-en-lomas-de-cocoyoc-_JM,10500000.0,MXN,casa,450.0,380.0,4.0,4.0,4.0,,27631.58,,,,medium,Morelos,Atlatlahucan,Lomas De Cocoyoc,,,0138,approximate_coordinate,973.0,397.0,335.65998876705885,136.9547950056756,0.924433249370277,0.9420654911838792,14.18,0.972568578553616,46,49,16,16,15,15,1,1,0,1,0,0,0,0,B,missing_coordinates,2026-08-18T15:09:03+00:00,mercadolibre|10500000.0|atlatlahucan|lomas de cocoyoc|450.0|380.0|4.0|4.0
mercadolibre,MLM-4754250860,https://casa.mercadolibre.com.mx/MLM-4754250860-casa-en-acatlipa-en-temixco-morelos-_JM,1900000.0,MXN,casa,248.0,182.0,3.0,2.0,2.0,,10439.56,,,,medium,Morelos,Temixco,Acatlipa,,,002A,approximate_coordinate,1670.0,531.0,6626.735415400277,2107.0637757949385,0.4124293785310734,0.6177024482109228,10.78,0.9771739130434782,731,1153,368,560,111,148,30,44,15,23,2,3,10,17,B,missing_coordinates,2026-08-18T15:09:03+00:00,mercadolibre|1900000.0|temixco|acatlipa|248.0|182.0|3.0|2.0
mercadolibre,MLM-4791975610,https://casa.mercadolibre.com.mx/MLM-4791975610-casa-en-cuautla-sitio-del-sol-_JM,2550000.0,MXN,casa,119.0,120.0,3.0,2.0,2.0,,21250.0,,,,medium,Morelos,Cuautla,Sitio Del Sol,,,0014,approximate_coordinate,2050.0,523.0,1887.006347057831,481.4167412249978,0.3862332695984704,0.3766730401529636,8.75,0.9742574257425742,160,265,83,128,40,48,1,2,1,4,3,3,2,2,B,missing_coordinates,2026-08-18T15:09:03+00:00,mercadolibre|2550000.0|cuautla|sitio del sol|119.0|120.0|3.0|2.0
mercadolibre,MLM-3162430391,https://casa.mercadolibre.com.mx/MLM-3162430391-casa-nueva-en-venta-en-fracc-brisas-de-cuernavaca-temixco-morelos-_JM,8500000.0,MXN,casa,340.0,400.0,4.0,6.0,6.0,,21250.0,,,,medium,Morelos,Temixco,Brisas,,,0142,approximate_coordinate,1750.0,558.0,2464.4562809328013,785.8094884345732,0.53584229390681,0.7347670250896058,11.22,0.972193614830072,330,883,144,401,45,111,16,60,9,25,8,23,7,13,B,missing_coordinates,2026-08-18T15:09:03+00:00,mercadolibre|8500000.0|temixco|brisas|340.0|400.0|4.0|6.0
mercadolibre,MLM-4685371968,https://casa.mercadolibre.com.mx/MLM-4685371968-estrenacasa-nueva-en-venta-en-kloster-de-ahuatlan-cuernavaca-morelos-_JM,4200000.0,MXN,casa,200.0,220.0,4.0,4.0,4.0,,19090.91,,,,medium,Morelos,Cuernavaca,Lomas De Ahuatlan,,,1537,approximate_coordinate,1676.0,598.0,18239.29130049499,6507.813960439144,0.717391304347826,0.8963210702341137,13.8,0.9688841201716738,129,452,44,172,27,72,4,19,1,12,1,1,6,11,B,missing_coordinates,2026-08-18T15:09:03+00:00,mercadolibre|4200000.0|cuernavaca|lomas de ahuatlan|200.0|220.0|4.0|4.0
mercadolibre,MLM-2988240457,https://casa.mercadolibre.com.mx/MLM-2988240457-casa-en-venta-en-lomas-de-cocoyoc-_JM,9400000.0,MXN,casa,498.0,238.0,3.0,3.0,3.0,,39495.8,,,,medium,Morelos,Atlatlahucan,Lomas De Cocoyoc,,,0138,approximate_coordinate,973.0,397.0,335.65998876705885,136.9547950056756,0.924433249370277,0.9420654911838792,14.18,0.972568578553616,46,49,16,16,15,15,1,1,0,1,0,0,0,0,B,missing_coordinates,2026-08-18T15:09:03+00:00,mercadolibre|9400000.0|atlatlahucan|lomas de cocoyoc|498.0|238.0|3.0|3.0
mercadolibre,MLM-3025930911,https://casa.mercadolibre.com.mx/MLM-3025930911-casa-de-3-recamaras-con-piscina-y-sports-club-al-sur-de-cuautla-123-m2-de-construccion-_JM,2000000.0,MXN,casa,123.0,123.0,3.0,3.0,3.0,,16260.16,,,,medium,Morelos,Ayala,Tlayecac,,,0043,approximate_coordinate,1614.0,459.0,4698.920401625593,1336.3100770422222,0.4684095860566449,0.457516339869281,9.3,0.9942196531791908,104,160,48,70,14,25,2,3,4,6,0,0,1,1,B,"missing_coordinates,same_land_and_construction_area",2026-08-18T15:09:03+00:00,mercadolibre|2000000.0|ayala|tlayecac|123.0|123.0|3.0|3.0
mercadolibre,MLM-3032202161,https://casa.mercadolibre.com.mx/MLM-3032202161-casa-con-jardin-y-amenidades-en-el-centro-de-xochitepec-morelos-_JM,1700000.0,MXN,casa,62.0,91.0,3.0,2.0,2.0,,18681.32,,,,medium,Morelos,Xochitepec,Villas De Xochitepec,,,0011,approximate_coordinate,875.0,299.0,4575.064578031982,1563.364924378929,0.6387959866220736,0.7591973244147158,12.09,0.9817351598173516,25,119,12,46,2,23,2,4,1,1,0,0,0,3,B,missing_coordinates,2026-08-18T15:09:03+00:00,mercadolibre|1700000.0|xochitepec|villas de xochitepec|62.0|91.0|3.0|2.0
mercadolibre,MLM-2797746491,https://casa.mercadolibre.com.mx/MLM-2797746491-casa-en-condominio-en-santa-maria-ahuacatitlan-cuernavaca-morelos-_JM,4590000.0,MXN,casa,394.0,196.0,3.0,2.0,2.0,,23418.37,,,,medium,Morelos,Cuernavaca,Santa María Ahuacatitlan,,,051A,approximate_coordinate,6076.0,1649.0,2685.5540217268144,728.8476928616716,0.4329896907216495,0.6300788356579745,10.09,0.9791542584871948,107,518,51,302,5,44,2,16,4,15,0,0,0,7,B,missing_coordinates,2026-08-18T15:09:03+00:00,mercadolibre|4590000.0|cuernavaca|santa maría ahuacatitlan|394.0|196.0|3.0|2.0
mercadolibre,MLM-5641679050,https://casa.mercadolibre.com.mx/MLM-5641679050-casa-en-venta-en-lomas-de-cocoyoc-_JM,5650000.0,MXN,casa,525.0,215.0,3.0,2.0,2.0,,26279.07,,,,medium,Morelos,Atlatlahucan,Lomas De Cocoyoc,,,0138,approximate_coordinate,973.0,397.0,335.65998876705885,136.9547950056756,0.924433249370277,0.9420654911838792,14.18,0.972568578553616,46,49,16,16,15,15,1,1,0,1,0,0,0,0,B,missing_coordinates,2026-08-18T15:09:03+00:00,mercadolibre|5650000.0|atlatlahucan|lomas de cocoyoc|525.0|215.0|3.0|2.0
mercadolibre,MLM-3025917043,https://casa.mercadolibre.com.mx/MLM-3025917043-hermosa-casa-de-3-recamaras-con-piscina-y-sports-club-al-sur-de-cuautla-123-m2-de-construccion-_JM,2000000.0,MXN,casa,123.0,123.0,3.0,3.0,3.0,,16260.16,,,,medium,Morelos,Ayala,Tlayecac,,,0043,approximate_coordinate,1614.0,459.0,4698.920401625593,1336.3100770422222,0.4684095860566449,0.457516339869281,9.3,0.9942196531791908,104,160,48,70,14,25,2,3,4,6,0,0,1,1,B,"missing_coordinates,same_land_and_construction_area",2026-08-18T15:09:03+00:00,mercadolibre|2000000.0|ayala|tlayecac|123.0|123.0|3.0|3.0
mercadolibre,MLM-3854479360,https://casa.mercadolibre.com.mx/MLM-3854479360-casa-sola-en-venta-_JM,2300000.0,MXN,casa,122.0,175.0,3.0,3.0,3.0,,13142.86,,,,medium,Morelos,Cuautla,Cuautla Centro,,,0546,approximate_coordinate,2441.0,764.0,3992.2990288647775,1249.5356239462064,0.3141361256544502,0.6073298429319371,10.9,0.9866071428571428,1407,4406,678,2308,164,596,78,228,42,102,28,64,49,116,B,missing_coordinates,2026-08-18T15:09:03+00:00,mercadolibre|2300000.0|cuautla|cuautla centro|122.0|175.0|3.0|3.0
mercadolibre,MLM-3233322599,https://casa.mercadolibre.com.mx/MLM-3233322599-oportunidad-casa-en-buen-estado-a-precio-de-terreno-en-vista-hermosa-cuernavaca-_JM,9885000.0,MXN,casa,998.0,392.0,2.0,3.0,3.0,,25216.84,,,,medium,Morelos,Cuernavaca,Vista Hermosa,,,0187,approximate_coordinate,630.0,227.0,1278.5954112765228,460.70025136471537,0.7929515418502202,0.9030837004405288,13.55,0.9970501474926252,426,1565,67,519,78,237,126,195,15,47,16,55,16,61,B,missing_coordinates,2026-08-18T15:09:03+00:00,mercadolibre|9885000.0|cuernavaca|vista hermosa|998.0|392.0|2.0|3.0
mercadolibre,MLM-3331641737,https://casa.mercadolibre.com.mx/MLM-3331641737-casa-en-venta-en-lomas-de-cocoyoc-_JM,9600000.0,MXN,casa,1007.0,330.0,4.0,3.0,3.0,,29090.91,,,,medium,Morelos,Atlatlahucan,Lomas De Cocoyoc,,,0138,approximate_coordinate,973.0,397.0,335.65998876705885,136.9547950056756,0.924433249370277,0.9420654911838792,14.18,0.972568578553616,46,49,16,16,15,15,1,1,0,1,0,0,0,0,B,missing_coordinates,2026-08-18T15:09:03+00:00,mercadolibre|9600000.0|atlatlahucan|lomas de cocoyoc|1007.0|330.0|4.0|3.0
mercadolibre,MLM-3025943315,https://casa.mercadolibre.com.mx/MLM-3025943315-hermosa-casa-de-3-recamaras-con-piscina-y-sports-club-al-sur-de-cuautla-cerca-tepoztlan-yautepec-_JM,2000000.0,MXN,casa,123.0,123.0,3.0,3.0,3.0,,16260.16,,,,medium,Morelos,Ayala,Tlayecac,,,0043,approximate_coordinate,1614.0,459.0,4698.920401625593,1336.3100770422222,0.4684095860566449,0.457516339869281,9.3,0.9942196531791908,104,160,48,70,14,25,2,3,4,6,0,0,1,1,B,"missing_coordinates,same_land_and_construction_area",2026-08-18T15:09:03+00:00,mercadolibre|2000000.0|ayala|tlayecac|123.0|123.0|3.0|3.0
mercadolibre,MLM-2750437785,https://casa.mercadolibre.com.mx/MLM-2750437785-estrenecasa-estilo-minimalista-en-venta-en-burgos-bugambilias-temixco-morelos-_JM,7950000.0,MXN,casa,469.0,402.0,4.0,6.0,6.0,,19776.12,,,,medium,Morelos,Temixco,Burgos,,,0918,approximate_coordinate,471.0,152.0,5847.590513522652,1887.1205054255693,0.3947368421052631,0.6578947368421053,11.27,1.0,33,199,14,105,1,20,1,4,4,8,0,0,1,3,B,missing_coordinates,2026-08-18T15:09:03+00:00,mercadolibre|7950000.0|temixco|burgos|469.0|402.0|4.0|6.0
mercadolibre,MLM-5991350540,https://casa.mercadolibre.com.mx/MLM-5991350540-venta-de-casa-en-condominio-en-oacalco-yautepec--_JM,990000.0,MXN,casa,54.0,54.0,2.0,2.0,1.0,,18333.33,,,,medium,Morelos,Yautepec,Oacalco,,,0998,approximate_coordinate,1525.0,464.0,2251.084906966465,684.9202602179932,0.375,0.480603448275862,10.06,0.988219895287958,183,199,76,82,36,37,6,6,7,7,0,0,2,3,B,"missing_coordinates,same_land_and_construction_area",2026-08-18T15:09:03+00:00,mercadolibre|990000.0|yautepec|oacalco|54.0|54.0|2.0|2.0
mercadolibre,MLM-4949213158,https://casa.mercadolibre.com.mx/MLM-4949213158-casa-en-venta-en-lomas-de-cocoyoc-_JM,7990000.0,MXN,casa,543.0,288.0,4.0,4.0,4.0,,27743.06,,,,medium,Morelos,Atlatlahucan,Lomas De Cocoyoc,,,0138,approximate_coordinate,973.0,397.0,335.65998876705885,136.9547950056756,0.924433249370277,0.9420654911838792,14.18,0.972568578553616,46,49,16,16,15,15,1,1,0,1,0,0,0,0,B,missing_coordinates,2026-08-18T15:09:03+00:00,mercadolibre|7990000.0|atlatlahucan|lomas de cocoyoc|543.0|288.0|4.0|4.0
mercadolibre,MLM-5527930346,https://casa.mercadolibre.com.mx/MLM-5527930346-hermosa-casa-de-2-recamaras-con-piscina-y-sports-club-al-sur-de-cuautla-_JM,1550000.0,MXN,casa,72.0,72.0,2.0,2.0,2.0,,21527.78,,,,medium,Morelos,Ayala,Tlayecac,,,0043,approximate_coordinate,1614.0,459.0,4698.920401625593,1336.3100770422222,0.4684095860566449,0.457516339869281,9.3,0.9942196531791908,104,160,48,70,14,25,2,3,4,6,0,0,1,1,B,"missing_coordinates,same_land_and_construction_area",2026-08-18T15:09:03+00:00,mercadolibre|1550000.0|ayala|tlayecac|72.0|72.0|2.0|2.0
mercadolibre,MLM-3146319321,https://casa.mercadolibre.com.mx/MLM-3146319321-casa-en-venta-en-colonia-tres-de-mayo-emiliano-zapata-morelos-_JM,10500000.0,MXN,casa,936.0,413.0,3.0,4.0,4.0,,25423.73,,,,medium,Morelos,Emiliano Zapata,Tres De Mayo,,,0061,approximate_coordinate,2394.0,714.0,4040.254507613094,1204.9881864810982,0.5336134453781513,0.6904761904761905,11.0,0.9715568862275448,624,861,361,454,72,96,22,29,9,14,2,3,5,8,B,missing_coordinates,2026-08-18T15:09:03+00:00,mercadolibre|10500000.0|emiliano zapata|tres de mayo|936.0|413.0|3.0|4.0
mercadolibre,MLM-3009407155,https://casa.mercadolibre.com.mx/MLM-3009407155-casa-en-venta-en-lomas-de-cocoyoc-_JM,6950000.0,MXN,casa,624.0,430.0,5.0,5.0,5.0,,16162.79,,,,medium,Morelos,Atlatlahucan,Lomas De Cocoyoc,,,0138,approximate_coordinate,973.0,397.0,335.65998876705885,136.9547950056756,0.924433249370277,0.9420654911838792,14.18,0.972568578553616,46,49,16,16,15,15,1,1,0,1,0,0,0,0,B,missing_coordinates,2026-08-18T15:09:03+00:00,mercadolibre|6950000.0|atlatlahucan|lomas de cocoyoc|624.0|430.0|5.0|5.0
mercadolibre,MLM-5527932640,https://casa.mercadolibre.com.mx/MLM-5527932640-casa-de-2-recamaras-con-piscina-y-sports-club-al-sur-de-cuautla-_JM,1550000.0,MXN,casa,72.0,72.0,2.0,2.0,2.0,,21527.78,,,,medium,Morelos,Ayala,Tlayecac,,,0043,approximate_coordinate,1614.0,459.0,4698.920401625593,1336.3100770422222,0.4684095860566449,0.457516339869281,9.3,0.9942196531791908,104,160,48,70,14,25,2,3,4,6,0,0,1,1,B,"missing_coordinates,same_land_and_construction_area",2026-08-18T15:09:03+00:00,mercadolibre|1550000.0|ayala|tlayecac|72.0|72.0|2.0|2.0
mercadolibre,MLM-5641653648,https://casa.mercadolibre.com.mx/MLM-5641653648-gran-terreno-con-jardin-maduro-casa-y-alberca-en-real-de-tezoyuca-morleos-_JM,7000000.0,MXN,casa,2707.0,300.0,2.0,5.0,5.0,,23333.33,,,,medium,Morelos,Emiliano Zapata,Real De Tezoyuca,,,0381,approximate_coordinate,25.0,9.0,348.2701037248519,125.37723734094666,0.4444444444444444,0.8888888888888888,12.11,1.0,14,249,3,109,5,35,0,9,0,2,0,1,0,6,B,"missing_coordinates,suspicious_surface_pair",2026-08-18T15:09:03+00:00,mercadolibre|7000000.0|emiliano zapata|real de tezoyuca|2707.0|300.0|2.0|5.0
mercadolibre,MLM-3086291987,https://casa.mercadolibre.com.mx/MLM-3086291987-casa-en-venta-en-jose-ortiz-san-martin-_JM,2000000.0,MXN,casa,300.0,140.0,2.0,3.0,3.0,,14285.71,,,,medium,Morelos,Yautepec,José Ortiz,,,0502,approximate_coordinate,4591.0,1380.0,4856.398831602696,1459.775732435574,0.4608695652173913,0.586231884057971,10.47,0.9813084112149532,317,795,124,303,52,108,15,34,9,21,2,6,3,14,B,missing_coordinates,2026-08-18T15:09:03+00:00,mercadolibre|2000000.0|yautepec|josé ortiz|300.0|140.0|2.0|3.0
mercadolibre,MLM-2857681923,https://casa.mercadolibre.com.mx/MLM-2857681923-casa-en-venta-en-lomas-de-cocoyoc-_JM,5300000.0,MXN,casa,350.0,145.0,3.0,2.0,2.0,,36551.72,,,,medium,Morelos,Atlatlahucan,Lomas De Cocoyoc,,,0138,approximate_coordinate,973.0,397.0,335.65998876705885,136.9547950056756,0.924433249370277,0.9420654911838792,14.18,0.972568578553616,46,49,16,16,15,15,1,1,0,1,0,0,0,0,B,missing_coordinates,2026-08-18T15:09:03+00:00,mercadolibre|5300000.0|atlatlahucan|lomas de cocoyoc|350.0|145.0|3.0|2.0
mercadolibre,MLM-5527944222,https://casa.mercadolibre.com.mx/MLM-5527944222-hermosa-casa-de-2-recamaras-con-piscina-y-sports-club-al-sur-de-cuautla-72-m2-de-construcion-_JM,1550000.0,MXN,casa,72.0,72.0,2.0,2.0,2.0,,21527.78,,,,medium,Morelos,Ayala,Tlayecac,,,0043,approximate_coordinate,1614.0,459.0,4698.920401625593,1336.3100770422222,0.4684095860566449,0.457516339869281,9.3,0.9942196531791908,104,160,48,70,14,25,2,3,4,6,0,0,1,1,B,"missing_coordinates,same_land_and_construction_area",2026-08-18T15:09:03+00:00,mercadolibre|1550000.0|ayala|tlayecac|72.0|72.0|2.0|2.0
mercadolibre,MLM-5754474470,https://casa.mercadolibre.com.mx/MLM-5754474470-casa-en-condominio-con-alberca-en-emiliano-zapata-morelos-_JM,1290000.0,MXN,casa,98.0,59.0,3.0,2.0,2.0,,21864.41,,,,medium,Morelos,Emiliano Zapata,Modesto Rangel,,,0269,approximate_coordinate,3079.0,985.0,2243.575931821806,717.7402704918737,0.8395939086294416,0.8913705583756345,13.39,0.9699754901960784,62,319,23,144,10,36,1,4,0,5,0,1,0,1,B,missing_coordinates,2026-08-18T15:09:03+00:00,mercadolibre|1290000.0|emiliano zapata|modesto rangel|98.0|59.0|3.0|2.0
mercadolibre,MLM-3233369615,https://casa.mercadolibre.com.mx/MLM-3233369615-casa-de-un-nivel-con-amplio-terreno-y-alberca-en-cuernavaca-morelos-_JM,9300000.0,MXN,casa,1353.0,415.0,3.0,4.0,4.0,,22409.64,,,,medium,Morelos,Jiutepec,Pedregal De Las Fuentes,,,0230,approximate_coordinate,1506.0,513.0,2126.9645529782256,724.5237819905907,0.7875243664717348,0.9083820662768032,13.56,0.9685610640870616,34,514,10,223,5,70,0,22,4,17,0,1,0,7,B,missing_coordinates,2026-08-18T15:09:03+00:00,mercadolibre|9300000.0|jiutepec|pedregal de las fuentes|1353.0|415.0|3.0|4.0
mercadolibre,MLM-2988204495,https://casa.mercadolibre.com.mx/MLM-2988204495-casa-en-venta-en-lomas-de-cocoyoc-_JM,4900000.0,MXN,casa,385.0,165.0,3.0,2.0,2.0,,29696.97,,,,medium,Morelos,Atlatlahucan,Lomas De Cocoyoc,,,0138,approximate_coordinate,973.0,397.0,335.65998876705885,136.9547950056756,0.924433249370277,0.9420654911838792,14.18,0.972568578553616,46,49,16,16,15,15,1,1,0,1,0,0,0,0,B,missing_coordinates,2026-08-18T15:09:03+00:00,mercadolibre|4900000.0|atlatlahucan|lomas de cocoyoc|385.0|165.0|3.0|2.0
mercadolibre,MLM-3025916021,https://casa.mercadolibre.com.mx/MLM-3025916021-hermosa-casa-de-3-recamaras-con-piscina-y-sports-club-al-sur-de-cuautla-123m2-de-construccion-_JM,2000000.0,MXN,casa,123.0,123.0,3.0,3.0,3.0,,16260.16,,,,medium,Morelos,Ayala,Tlayecac,,,0043,approximate_coordinate,1614.0,459.0,4698.920401625593,1336.3100770422222,0.4684095860566449,0.457516339869281,9.3,0.9942196531791908,104,160,48,70,14,25,2,3,4,6,0,0,1,1,B,"missing_coordinates,same_land_and_construction_area",2026-08-18T15:09:03+00:00,mercadolibre|2000000.0|ayala|tlayecac|123.0|123.0|3.0|3.0
mercadolibre,MLM-5951002300,https://casa.mercadolibre.com.mx/MLM-5951002300-estrenacasa-nueva-en-el-fracc-burgos-de-cuernavaca-a-10-minutos-al-sur-de-cuernavaca-_JM,5980000.0,MXN,casa,430.0,330.0,4.0,4.0,4.0,,18121.21,,,,medium,Morelos,Temixco,Burgos,,,0918,approximate_coordinate,471.0,152.0,5847.590513522652,1887.1205054255693,0.3947368421052631,0.6578947368421053,11.27,1.0,33,199,14,105,1,20,1,4,4,8,0,0,1,3,B,missing_coordinates,2026-08-18T15:09:03+00:00,mercadolibre|5980000.0|temixco|burgos|430.0|330.0|4.0|4.0
mercadolibre,MLM-2988239261,https://casa.mercadolibre.com.mx/MLM-2988239261-casa-en-venta-pedregal-de-oaxtepec-_JM,5950000.0,MXN,casa,715.0,483.0,4.0,4.0,4.0,,12318.84,,,,medium,Morelos,Yautepec,Pedregal De Oaxtepec,,,0432,approximate_coordinate,630.0,187.0,653.8871844015503,194.09032298903156,0.4117647058823529,0.3689839572192513,9.09,0.9777777777777776,44,713,12,284,8,176,3,33,0,7,0,3,0,18,B,missing_coordinates,2026-08-18T15:09:03+00:00,mercadolibre|5950000.0|yautepec|pedregal de oaxtepec|715.0|483.0|4.0|4.0
mercadolibre,MLM-5961635190,https://casa.mercadolibre.com.mx/MLM-5961635190-casa-en-exclusivo-fraccionamiento-en-col-reforma-cuernavaca-morelos-_JM,6300000.0,MXN,casa,311.0,354.0,3.0,5.0,5.0,,17796.61,,,,medium,Morelos,Cuernavaca,Reforma,,,0172,approximate_coordinate,652.0,219.0,1333.8700698265352,448.0330449263976,0.8310502283105022,0.9223744292237442,13.9,0.9655172413793104,234,1584,59,509,43,246,25,179,11,49,1,25,12,50,B,missing_coordinates,2026-08-18T15:09:03+00:00,mercadolibre|6300000.0|cuernavaca|reforma|311.0|354.0|3.0|5.0
mercadolibre,MLM-3277420093,https://casa.mercadolibre.com.mx/MLM-3277420093-casa-en-venta-en-lomas-de-cocoyoc-_JM,10500000.0,MXN,casa,572.0,356.0,6.0,7.0,7.0,,29494.38,,,,medium,Morelos,Atlatlahucan,Lomas De Cocoyoc,,,0138,approximate_coordinate,973.0,397.0,335.65998876705885,136.9547950056756,0.924433249370277,0.9420654911838792,14.18,0.972568578553616,46,49,16,16,15,15,1,1,0,1,0,0,0,0,B,missing_coordinates,2026-08-18T15:09:03+00:00,mercadolibre|10500000.0|atlatlahucan|lomas de cocoyoc|572.0|356.0|6.0|7.0
mercadolibre,MLM-2984774977,https://casa.mercadolibre.com.mx/MLM-2984774977-casa-en-venta-en-pueblo-chiconcuac-_JM,4450000.0,MXN,casa,1305.0,450.0,4.0,3.0,3.0,,9888.89,,,,medium,Morelos,Xochitepec,Chiconcuac,,,037A,approximate_coordinate,3678.0,1047.0,2433.0795911403716,692.6140108548041,0.4106972301814708,0.5845272206303725,9.48,0.9766734279918864,343,586,138,234,75,116,16,27,5,7,0,0,4,10,B,missing_coordinates,2026-08-18T15:09:03+00:00,mercadolibre|4450000.0|xochitepec|chiconcuac|1305.0|450.0|4.0|3.0
mercadolibre,MLM-5811591900,https://casa.mercadolibre.com.mx/MLM-5811591900-casa-en-venta-en-oaxtepece-_JM,2150000.0,MXN,casa,488.0,190.0,2.0,2.0,1.0,,11315.79,,,,medium,Morelos,Yautepec,Santa Rosa,,,0269,approximate_coordinate,452.0,130.0,1336.242074776095,384.3174108869299,0.3846153846153846,0.4153846153846154,9.01,0.953846153846154,57,307,29,139,6,42,2,9,3,6,0,1,0,5,B,missing_coordinates,2026-08-18T15:09:03+00:00,mercadolibre|2150000.0|yautepec|santa rosa|488.0|190.0|2.0|2.0
mercadolibre,MLM-3145111643,https://casa.mercadolibre.com.mx/MLM-3145111643-ex-hacienda-con-amplio-potencial-comercial-en-jiutepec-morelos-_JM,45000000.0,MXN,casa,4870.0,1695.0,16.0,16.0,16.0,,26548.67,,,,medium,Morelos,Jiutepec,El Zapote,,,0620,approximate_coordinate,3641.0,1153.0,3802.7897203156135,1204.234152025241,0.593235039028621,0.7632263660017347,12.23,0.9759229534510432,340,1287,108,525,58,173,34,74,10,31,3,9,10,28,B,missing_coordinates,2026-08-18T15:09:03+00:00,mercadolibre|45000000.0|jiutepec|el zapote|4870.0|1695.0|16.0|16.0
mercadolibre,MLM-2988202549,https://casa.mercadolibre.com.mx/MLM-2988202549-casa-en-venta-en-cuautla-_JM,2000000.0,MXN,casa,160.0,100.0,3.0,2.0,2.0,,20000.0,,,,medium,Morelos,Cuautla,Hermenegildo Galeana,,,0476,approximate_coordinate,2592.0,802.0,6350.453763750154,1964.9166352344228,0.4077306733167082,0.6458852867830424,11.07,0.9784122562674096,497,1496,178,557,78,259,40,95,12,43,2,18,13,25,B,missing_coordinates,2026-08-18T15:09:03+00:00,mercadolibre|2000000.0|cuautla|hermenegildo galeana|160.0|100.0|3.0|2.0
mercadolibre,MLM-3193975845,https://casa.mercadolibre.com.mx/MLM-3193975845-oportunidad-casa-remodelada-en-privada-cerca-de-las-palmas-cuernavaca-morelos-_JM,2550000.0,MXN,casa,119.0,142.0,2.0,3.0,3.0,,17957.75,,,,medium,Morelos,Cuernavaca,Miguel Hidalgo,,,0011,approximate_coordinate,5509.0,1566.0,7905.38115756001,2247.20037987638,0.3856960408684546,0.665389527458493,10.64,0.9730957372466806,407,935,176,370,64,149,13,33,7,31,3,7,4,15,B,missing_coordinates,2026-08-18T15:09:03+00:00,mercadolibre|2550000.0|cuernavaca|miguel hidalgo|119.0|142.0|2.0|3.0
mercadolibre,MLM-2954634085,https://casa.mercadolibre.com.mx/MLM-2954634085-estrene-bonita-casa-de-un-nivel-con-amplio-jardin-_JM,6900000.0,MXN,casa,480.0,140.0,3.0,3.0,3.0,,49285.71,,,,medium,Morelos,Atlatlahucan,Lomas De Cocoyoc,,,0138,approximate_coordinate,973.0,397.0,335.65998876705885,136.9547950056756,0.924433249370277,0.9420654911838792,14.18,0.972568578553616,46,49,16,16,15,15,1,1,0,1,0,0,0,0,B,missing_coordinates,2026-08-18T15:09:03+00:00,mercadolibre|6900000.0|atlatlahucan|lomas de cocoyoc|480.0|140.0|3.0|3.0
mercadolibre,MLM-5527956810,https://casa.mercadolibre.com.mx/MLM-5527956810-preciosa-casa-de-2-recamaras-con-piscina-y-sports-club-al-sur-de-cuautla-_JM,1550000.0,MXN,casa,72.0,72.0,2.0,2.0,2.0,,21527.78,,,,medium,Morelos,Ayala,Tlayecac,,,0043,approximate_coordinate,1614.0,459.0,4698.920401625593,1336.3100770422222,0.4684095860566449,0.457516339869281,9.3,0.9942196531791908,104,160,48,70,14,25,2,3,4,6,0,0,1,1,B,"missing_coordinates,same_land_and_construction_area",2026-08-18T15:09:03+00:00,mercadolibre|1550000.0|ayala|tlayecac|72.0|72.0|2.0|2.0
mercadolibre,MLM-5284199940,https://casa.mercadolibre.com.mx/MLM-5284199940-casa-con-alberca-a-2-minutos-de-la-autopista-en-xochitepec-centro-morelos-_JM,1400000.0,MXN,casa,72.0,90.0,3.0,2.0,2.0,,15555.56,,,,medium,Morelos,Xochitepec,Paseos de Xochitepec,,,0045,approximate_coordinate,2836.0,909.0,3021.7912815897585,968.5501674771124,0.4906490649064906,0.6798679867986799,11.16,0.9658634538152612,77,409,36,139,14,94,1,18,1,8,0,12,0,7,B,missing_coordinates,2026-08-18T15:09:03+00:00,mercadolibre|1400000.0|xochitepec|paseos de xochitepec|72.0|90.0|3.0|2.0
mercadolibre,MLM-2988203701,https://casa.mercadolibre.com.mx/MLM-2988203701-casa-en-venta-en-oaxtepec-_JM,5890000.0,MXN,casa,463.0,404.0,5.0,4.0,4.0,,14579.21,,,,medium,Morelos,Yautepec,Oaxtepec Centro,,,0273,approximate_coordinate,45.0,12.0,30.91523293927924,8.244062117141132,0.5833333333333334,0.6666666666666666,11.36,1.0,49,557,13,222,28,184,0,20,4,9,0,2,0,11,B,missing_coordinates,2026-08-18T15:09:03+00:00,mercadolibre|5890000.0|yautepec|oaxtepec centro|463.0|404.0|5.0|4.0
mercadolibre,MLM-2988471739,https://casa.mercadolibre.com.mx/MLM-2988471739-casa-en-venta-en-sumiya-_JM,35500000.0,MXN,casa,7000.0,7000.0,5.0,7.0,7.0,,5071.43,,,,medium,Morelos,Jiutepec,Sumiya,,,0122,approximate_coordinate,1858.0,564.0,1540.789692968381,467.7101113208648,0.74822695035461,0.8156028368794326,12.28,0.9752380952380952,13,200,5,81,2,21,0,6,0,7,0,0,0,1,B,"missing_coordinates,same_land_and_construction_area,suspicious_construction_area",2026-08-18T15:09:03+00:00,mercadolibre|35500000.0|jiutepec|sumiya|7000.0|7000.0|5.0|7.0
mercadolibre,MLM-3233382989,https://casa.mercadolibre.com.mx/MLM-3233382989-casa-en-preventa-en-cuautla-_JM,3300000.0,MXN,casa,160.0,240.0,3.0,3.0,3.0,,13750.0,,,,medium,Morelos,Cuautla,Hermenegildo Galeana,,,0476,approximate_coordinate,2592.0,802.0,6350.453763750154,1964.9166352344228,0.4077306733167082,0.6458852867830424,11.07,0.9784122562674096,497,1496,178,557,78,259,40,95,12,43,2,18,13,25,B,missing_coordinates,2026-08-18T15:09:03+00:00,mercadolibre|3300000.0|cuautla|hermenegildo galeana|160.0|240.0|3.0|3.0
mercadolibre,MLM-2886005997,https://casa.mercadolibre.com.mx/MLM-2886005997-en-venta-casa-con-enorme-jardin-y-vista-panoramica-en-lomas-de-cocoyocx-_JM,11450000.0,MXN,casa,1040.0,442.0,4.0,5.0,5.0,,25904.98,,,,medium,Morelos,Atlatlahucan,Lomas De Cocoyoc,,,0138,approximate_coordinate,973.0,397.0,335.65998876705885,136.9547950056756,0.924433249370277,0.9420654911838792,14.18,0.972568578553616,46,49,16,16,15,15,1,1,0,1,0,0,0,0,B,missing_coordinates,2026-08-18T15:09:03+00:00,mercadolibre|11450000.0|atlatlahucan|lomas de cocoyoc|1040.0|442.0|4.0|5.0
mercadolibre,MLM-5527617358,https://casa.mercadolibre.com.mx/MLM-5527617358-hermosa-casa-de-3-recamaras-con-piscina-y-sports-club-al-sur-de-cuautla-_JM,2000000.0,MXN,casa,123.0,123.0,3.0,3.0,3.0,,16260.16,,,,medium,Morelos,Ayala,Tlayecac,,,0043,approximate_coordinate,1614.0,459.0,4698.920401625593,1336.3100770422222,0.4684095860566449,0.457516339869281,9.3,0.9942196531791908,104,160,48,70,14,25,2,3,4,6,0,0,1,1,B,"missing_coordinates,same_land_and_construction_area",2026-08-18T15:09:03+00:00,mercadolibre|2000000.0|ayala|tlayecac|123.0|123.0|3.0|3.0
mercadolibre,MLM-5641679028,https://casa.mercadolibre.com.mx/MLM-5641679028-casa-en-venta-en-cocoyoc-_JM,3400000.0,MXN,casa,736.0,353.0,3.0,2.0,2.0,,9631.73,,,,medium,Morelos,Yautepec,Cocoyoc,,,0201,approximate_coordinate,4208.0,1234.0,3679.966722951729,1079.1537395728217,0.3800648298217179,0.5380875202593193,9.52,0.9859034600598034,288,527,142,263,41,84,8,16,4,15,0,0,3,4,B,missing_coordinates,2026-08-18T15:09:03+00:00,mercadolibre|3400000.0|yautepec|cocoyoc|736.0|353.0|3.0|2.0
mercadolibre,MLM-5811579360,https://casa.mercadolibre.com.mx/MLM-5811579360-casa-en-venta-en-cuautla-_JM,2600000.0,MXN,casa,160.0,111.0,4.0,2.0,2.0,,23423.42,,,,medium,Morelos,Cuautla,Hermenegildo Galeana,,,0476,approximate_coordinate,2592.0,802.0,6350.453763750154,1964.9166352344228,0.4077306733167082,0.6458852867830424,11.07,0.9784122562674096,497,1496,178,557,78,259,40,95,12,43,2,18,13,25,B,missing_coordinates,2026-08-18T15:09:03+00:00,mercadolibre|2600000.0|cuautla|hermenegildo galeana|160.0|111.0|4.0|2.0
mercadolibre,MLM-4808963374,https://casa.mercadolibre.com.mx/MLM-4808963374-casa-en-venta-en-lomas-de-cocoyoc-_JM,12800000.0,MXN,casa,475.0,375.0,3.0,5.0,5.0,,34133.33,,,,medium,Morelos,Atlatlahucan,Lomas De Cocoyoc,,,0138,approximate_coordinate,973.0,397.0,335.65998876705885,136.9547950056756,0.924433249370277,0.9420654911838792,14.18,0.972568578553616,46,49,16,16,15,15,1,1,0,1,0,0,0,0,B,missing_coordinates,2026-08-18T15:09:03+00:00,mercadolibre|12800000.0|atlatlahucan|lomas de cocoyoc|475.0|375.0|3.0|5.0
mercadolibre,MLM-5527933682,https://casa.mercadolibre.com.mx/MLM-5527933682-amplia-casa-de-2-recamaras-con-piscina-y-sports-club-al-sur-de-cuautla-_JM,1550000.0,MXN,casa,72.0,72.0,2.0,2.0,2.0,,21527.78,,,,medium,Morelos,Ayala,Tlayecac,,,0043,approximate_coordinate,1614.0,459.0,4698.920401625593,1336.3100770422222,0.4684095860566449,0.457516339869281,9.3,0.9942196531791908,104,160,48,70,14,25,2,3,4,6,0,0,1,1,B,"missing_coordinates,same_land_and_construction_area",2026-08-18T15:09:03+00:00,mercadolibre|1550000.0|ayala|tlayecac|72.0|72.0|2.0|2.0
mercadolibre,MLM-2880697277,https://casa.mercadolibre.com.mx/MLM-2880697277-casa-en-venta-cumbres-del-campestre-2-recamaras-_JM,1000000.0,MXN,casa,180.0,51.0,2.0,2.0,1.0,,19607.84,,,,medium,Morelos,Xochitepec,Loma Bonita,,,0399,approximate_coordinate,1665.0,415.0,5549.892227770982,1383.3064711861607,0.3108433734939759,0.4433734939759036,8.15,0.9898534385569336,193,411,96,215,25,46,3,7,7,13,0,0,2,2,B,missing_coordinates,2026-08-18T15:09:03+00:00,mercadolibre|1000000.0|xochitepec|loma bonita|180.0|51.0|2.0|2.0
mercadolibre,MLM-2988179269,https://casa.mercadolibre.com.mx/MLM-2988179269-casa-en-venta-en-real-de-oaxtepec-_JM,4650000.0,MXN,casa,450.0,250.0,3.0,3.0,3.0,,18600.0,,,,medium,Morelos,Yautepec,Real de Oaxtepec,,,0409,approximate_coordinate,288.0,100.0,353.56376816215766,122.76519727852695,0.83,0.79,11.66,0.9645390070921984,2,44,1,12,0,11,0,2,0,0,0,0,0,0,B,missing_coordinates,2026-08-18T15:09:03+00:00,mercadolibre|4650000.0|yautepec|real de oaxtepec|450.0|250.0|3.0|3.0
mercadolibre,MLM-4972124122,https://casa.mercadolibre.com.mx/MLM-4972124122-casa-en-venta-maravillas-4-recamaras-_JM,7800000.0,MXN,casa,728.0,341.0,4.0,4.0,4.0,,22873.9,,,,medium,Morelos,Cuernavaca,Maravillas,,,0064,approximate_coordinate,4622.0,1440.0,4320.998775933969,1346.2220331771778,0.5763888888888888,0.7833333333333333,11.96,0.9726027397260274,132,1001,46,325,22,150,12,59,3,24,2,22,6,43,B,missing_coordinates,2026-08-18T15:09:03+00:00,mercadolibre|7800000.0|cuernavaca|maravillas|728.0|341.0|4.0|4.0
mercadolibre,MLM-5793107768,https://casa.mercadolibre.com.mx/MLM-5793107768-casa-minimalista-nueva-en-lomas-tetela-al-norte-de-cuernavaca-_JM,7380000.0,MXN,casa,459.0,381.0,3.0,5.0,5.0,,19370.08,,,,medium,Morelos,Cuernavaca,Lomas De Tetela,,,0492,approximate_coordinate,1487.0,475.0,3416.8131454654385,1091.4500632791414,0.7410526315789474,0.8589473684210527,13.24,0.9708994708994708,24,110,9,39,4,9,2,6,0,5,0,0,1,5,B,missing_coordinates,2026-08-18T15:09:03+00:00,mercadolibre|7380000.0|cuernavaca|lomas de tetela|459.0|381.0|3.0|5.0
mercadolibre,MLM-4761561668,https://casa.mercadolibre.com.mx/MLM-4761561668-casa-en-venta-en-del-bosque-_JM,15300000.0,MXN,casa,600.0,644.0,3.0,3.0,3.0,,23757.76,,,,medium,Morelos,Cuernavaca,Del Bosque,,,1024,approximate_coordinate,2297.0,656.0,1826.149212248381,521.5297706725894,0.4390243902439024,0.6036585365853658,10.03,0.990210843373494,22,37,9,11,1,2,0,0,0,0,0,0,0,0,B,missing_coordinates,2026-08-18T15:09:03+00:00,mercadolibre|15300000.0|cuernavaca|del bosque|600.0|644.0|3.0|3.0
mercadolibre,MLM-3254227599,https://casa.mercadolibre.com.mx/MLM-3254227599-casa-en-venta-en-santa-maria-ahuacatitlan-v405-_JM,2550000.0,MXN,casa,278.0,,4.0,3.0,3.0,,,,,,medium,Morelos,Cuernavaca,Santa María Ahuacatitlan,,,051A,approximate_coordinate,6076.0,1649.0,2685.5540217268144,728.8476928616716,0.4329896907216495,0.6300788356579745,10.09,0.9791542584871948,107,518,51,302,5,44,2,16,4,15,0,0,0,7,C,"missing_construction_area,missing_coordinates",2026-08-18T15:09:03+00:00,mercadolibre|2550000.0|cuernavaca|santa maría ahuacatitlan|278.0||4.0|3.0
mercadolibre,MLM-3101623379,https://casa.mercadolibre.com.mx/MLM-3101623379-casa-en-venta-fraccionamiento-loma-linda-cuernavaca-morelos-_JM,12000000.0,MXN,casa,354.0,315.0,2.0,4.0,4.0,,38095.24,,,,medium,Morelos,Cuernavaca,Lomas de Tzompantle,,,1039,approximate_coordinate,6258.0,2051.0,3219.0213271989255,1055.0036340819745,0.7844953681131156,0.8551925889809849,13.49,0.9715151515151516,85,284,26,109,14,47,1,10,4,8,0,1,1,6,B,missing_coordinates,2026-08-18T15:09:03+00:00,mercadolibre|12000000.0|cuernavaca|lomas de tzompantle|354.0|315.0|2.0|4.0
mercadolibre,MLM-3158685113,https://casa.mercadolibre.com.mx/MLM-3158685113-casa-en-venta-en-condominio-residencial-chulavista-cuernavaca-morelos-_JM,3280000.0,MXN,casa,130.0,173.0,3.0,3.0,3.0,,18959.54,,,,medium,Morelos,Cuernavaca,Chulavista,,,1005,approximate_coordinate,5061.0,1541.0,3964.666453665759,1207.1825736216035,0.490590525632706,0.7501622323166774,11.51,0.9756540697674418,123,1668,29,662,16,246,13,122,6,54,4,26,4,98,B,missing_coordinates,2026-08-18T15:09:03+00:00,mercadolibre|3280000.0|cuernavaca|chulavista|130.0|173.0|3.0|3.0
mercadolibre,MLM-3166946981,https://casa.mercadolibre.com.mx/MLM-3166946981-venta-de-casas-con-locales-comerciales-_JM,6300000.0,MXN,casa,472.0,282.0,5.0,6.0,6.0,,22340.43,,,,medium,Morelos,Cuernavaca,Bellavista,,,0079,approximate_coordinate,3683.0,1310.0,4261.433028476901,1515.7418591650123,0.5694656488549619,0.8381679389312977,12.97,0.9713453132588636,138,611,37,160,25,84,5,50,6,27,9,31,3,27,B,missing_coordinates,2026-08-18T15:09:03+00:00,mercadolibre|6300000.0|cuernavaca|bellavista|472.0|282.0|5.0|6.0
mercadolibre,MLM-3215727649,https://casa.mercadolibre.com.mx/MLM-3215727649-casa-en-venta-a-5-minutos-de-la-glorieta-tlaltenangoen-tetela-del-monte-cuernavaca-_JM,6900000.0,MXN,casa,393.18,304.0,4.0,4.0,4.0,,22697.37,,,,medium,Morelos,Cuernavaca,Tetela Del Monte,,,051A,approximate_coordinate,6076.0,1649.0,2685.5540217268144,728.8476928616716,0.4329896907216495,0.6300788356579745,10.09,0.9791542584871948,233,520,133,304,31,61,8,14,1,12,1,1,2,8,B,missing_coordinates,2026-08-18T15:09:03+00:00,mercadolibre|6900000.0|cuernavaca|tetela del monte|393.18|304.0|4.0|4.0
mercadolibre,MLM-3005969961,https://casa.mercadolibre.com.mx/MLM-3005969961-casa-en-venta-en-jardin-tetela-cuernavaca-morelos-_JM,4850000.0,MXN,casa,174.0,187.0,2.0,3.0,3.0,,25935.83,,,,medium,Morelos,Cuernavaca,Jardín Tetela,,,0045,approximate_coordinate,4034.0,1295.0,2539.353950421818,815.1867540397259,0.6324324324324324,0.7953667953667953,12.44,0.9800531914893617,139,531,38,160,23,82,10,34,5,28,2,11,4,17,B,missing_coordinates,2026-08-18T15:09:03+00:00,mercadolibre|4850000.0|cuernavaca|jardín tetela|174.0|187.0|2.0|3.0
mercadolibre,MLM-3254233729,https://casa.mercadolibre.com.mx/MLM-3254233729-casa-en-condominio-en-venta-buenavista-cuernavaca-morelos-_JM,5500000.0,MXN,casa,174.0,348.0,3.0,2.0,2.0,,15804.6,,,,medium,Morelos,Cuernavaca,Buenavista,,,101A,approximate_coordinate,1694.0,605.0,897.2966711124132,320.46309682586184,0.8809917355371901,0.9487603305785124,14.37,0.9830687830687832,0,2,0,1,0,0,0,0,0,1,0,0,0,0,B,missing_coordinates,2026-08-18T15:09:03+00:00,mercadolibre|5500000.0|cuernavaca|buenavista|174.0|348.0|3.0|2.0
mercadolibre,MLM-3254227549,https://casa.mercadolibre.com.mx/MLM-3254227549-venta-casa-en-lomas-tetela-cuernavaca-v305-_JM,4100000.0,MXN,casa,434.0,434.0,3.0,4.0,4.0,,9447.0,,,,medium,Morelos,Cuernavaca,Lomas De Tetela,,,0492,approximate_coordinate,1487.0,475.0,3416.8131454654385,1091.4500632791414,0.7410526315789474,0.8589473684210527,13.24,0.9708994708994708,24,110,9,39,4,9,2,6,0,5,0,0,1,5,B,"missing_coordinates,same_land_and_construction_area",2026-08-18T15:09:03+00:00,mercadolibre|4100000.0|cuernavaca|lomas de tetela|434.0|434.0|3.0|4.0
mercadolibre,MLM-3254235099,https://casa.mercadolibre.com.mx/MLM-3254235099-venta-casa-en-fraccionamiento-lomas-de-tetela-v342-_JM,8000000.0,MXN,casa,2120.0,325.0,3.0,3.0,3.0,,24615.38,,,,medium,Morelos,Cuernavaca,Lomas De Tetela,,,0492,approximate_coordinate,1487.0,475.0,3416.8131454654385,1091.4500632791414,0.7410526315789474,0.8589473684210527,13.24,0.9708994708994708,24,110,9,39,4,9,2,6,0,5,0,0,1,5,B,missing_coordinates,2026-08-18T15:09:03+00:00,mercadolibre|8000000.0|cuernavaca|lomas de tetela|2120.0|325.0|3.0|3.0
mercadolibre,MLM-3254235919,https://casa.mercadolibre.com.mx/MLM-3254235919-venta-casa-nueva-en-lomas-de-la-selva-v268-_JM,6875000.0,MXN,casa,320.0,250.0,4.0,4.0,4.0,,27500.0,,,,medium,Morelos,Cuernavaca,Lomas de La Selva,,,0168,approximate_coordinate,2609.0,881.0,5786.065903602354,1953.8229440681005,0.5175936435868331,0.7343927355278093,11.88,0.9725036179450072,512,1930,226,604,58,281,67,304,8,60,8,27,5,65,B,missing_coordinates,2026-08-18T15:09:03+00:00,mercadolibre|6875000.0|cuernavaca|lomas de la selva|320.0|250.0|4.0|4.0
mercadolibre,MLM-5902633064,https://casa.mercadolibre.com.mx/MLM-5902633064-venta-casa-fraccionamiento-maravillas-v244-_JM,5600000.0,MXN,casa,361.0,361.0,4.0,3.0,3.0,,15512.47,,,,medium,Morelos,Cuernavaca,Maravillas,,,0064,approximate_coordinate,4622.0,1440.0,4320.998775933969,1346.2220331771778,0.5763888888888888,0.7833333333333333,11.96,0.9726027397260274,132,1001,46,325,22,150,12,59,3,24,2,22,6,43,B,"missing_coordinates,same_land_and_construction_area",2026-08-18T15:09:03+00:00,mercadolibre|5600000.0|cuernavaca|maravillas|361.0|361.0|4.0|3.0
mercadolibre,MLM-5902646032,https://casa.mercadolibre.com.mx/MLM-5902646032-venta-casa-en-delicias-v135-_JM,6500000.0,MXN,casa,663.0,334.0,3.0,3.0,3.0,,19461.08,,,,medium,Morelos,Cuernavaca,Delicias,,,0204,approximate_coordinate,1258.0,408.0,1514.5847769178977,491.21668440580464,0.8700980392156863,0.9362745098039216,13.48,0.9811046511627908,124,483,37,121,16,61,25,126,7,22,9,20,5,24,B,missing_coordinates,2026-08-18T15:09:03+00:00,mercadolibre|6500000.0|cuernavaca|delicias|663.0|334.0|3.0|3.0
mercadolibre,MLM-3279411931,https://casa.mercadolibre.com.mx/MLM-3279411931-casa-con-3-recamaras-cerca-uaem-en-santa-maria-ahuacatitlan-cuernavaca-morelos-_JM,3800000.0,MXN,casa,289.0,144.0,3.0,3.0,3.0,,26388.89,,,,medium,Morelos,Cuernavaca,Santa María Ahuacatitlan,,,051A,approximate_coordinate,6076.0,1649.0,2685.5540217268144,728.8476928616716,0.4329896907216495,0.6300788356579745,10.09,0.9791542584871948,107,518,51,302,5,44,2,16,4,15,0,0,0,7,B,missing_coordinates,2026-08-18T15:09:03+00:00,mercadolibre|3800000.0|cuernavaca|santa maría ahuacatitlan|289.0|144.0|3.0|3.0
icasas,1a66-9fc1-1917371-e6d80237f422-75ff,https://www.icasas.mx/propiedad/1a66-9fc1-1917371-e6d80237f422-75ff,858500.0,MXN,casa,166.0,,3.0,2.0,,,,,18.820619,-98.952373,high,Morelos,Cuautla,emiliano zapata,62744.0,Avenida insurgentes 137,0531,exact_coordinate,2481.0,787.0,3180.65310721542,1008.9375233287124,0.4129606099110546,0.6416772554002541,11.8,0.9889135254988912,1511,3935,818,2121,179,517,72,188,32,83,18,61,38,98,C,missing_construction_area,2026-08-18T15:09:03+00:00,icasas|858500.0|cuautla|emiliano zapata|166.0||3.0|2.0
icasas,4b92-95f3-18ff51a-92368d6bcb49-7faa,https://www.icasas.mx/propiedad/4b92-95f3-18ff51a-92368d6bcb49-7faa,6000000.0,MXN,terreno,1106.0,152.0,2.0,,,,39473.68,5424.95,18.863641,-98.94783,medium,Morelos,Cuautla,Tierra Larga,,,0014,approximate_coordinate,2050.0,523.0,1887.006347057831,481.4167412249978,0.3862332695984704,0.3766730401529636,8.75,0.9742574257425742,139,415,68,200,36,70,1,2,2,4,2,3,1,2,C,,2026-08-18T15:09:03+00:00,icasas|6000000.0|cuautla|tierra larga|1106.0|152.0|2.0|
icasas,d3f5-8478-196ae7e-e197764ef471-7f6f,https://www.icasas.mx/propiedad/d3f5-8478-196ae7e-e197764ef471-7f6f,3980000.0,MXN,casa,209.0,185.0,4.0,3.0,3.0,,21513.51,,18.8483628,-98.9380212,medium,Morelos,Cuautla,Fraccionamiento Valle del Sol,,,0739,approximate_coordinate,952.0,295.0,2612.170243929229,809.4435104612633,0.6915254237288135,0.8271186440677966,12.65,0.9808695652173912,256,1016,82,391,59,183,20,60,8,27,8,13,2,14,B,,2026-08-18T15:09:03+00:00,icasas|3980000.0|cuautla|fraccionamiento valle del sol|209.0|185.0|4.0|3.0
icasas,33cb-8482-96ccc302-d22afe11714e-4860,https://www.icasas.mx/propiedad/33cb-8482-96ccc302-d22afe11714e-4860,2800000.0,MXN,casa,232.0,,3.0,3.0,4.0,,,,18.8724272,-98.9710333,medium,Morelos,Cuautla,Peña Flores,,,0866,approximate_coordinate,4426.0,1165.0,3707.7459312889223,975.9430659628548,0.4034334763948498,0.5141630901287554,9.2,0.98884239888424,112,257,56,127,11,33,7,8,4,10,0,0,0,0,C,missing_construction_area,2026-08-18T15:09:03+00:00,icasas|2800000.0|cuautla|peña flores|232.0||3.0|3.0
icasas,fcd0-92ba-1970582-8c4c72646dde-75b4,https://www.icasas.mx/propiedad/fcd0-92ba-1970582-8c4c72646dde-75b4,2970000.0,MXN,casa,90.4,230.0,4.0,4.0,2.0,,12913.04,,18.871409,-98.916036,medium,Morelos,Cuautla,Unidad habitacional Salvador Esquer,,,0300,approximate_coordinate,1369.0,362.0,3055.7110946541616,808.0112609677184,0.4585635359116022,0.6712707182320442,9.83,0.996937212863706,55,240,21,89,11,52,0,4,3,8,0,1,0,2,B,,2026-08-18T15:09:03+00:00,icasas|2970000.0|cuautla|unidad habitacional salvador esquer|90.4|230.0|4.0|4.0
icasas,ee0a-b979-23626059-5d1530ab947-324e,https://www.icasas.mx/propiedad/ee0a-b979-23626059-5d1530ab947-324e,1500000.0,MXN,casa,150.0,100.0,3.0,2.0,2.0,,15000.0,,18.82767,-98.95424,high,Morelos,Cuautla,emiliano zapata,62744.0,Calzada santa inés 44-48,0391,exact_coordinate,2372.0,662.0,3300.0465117150984,921.0079219036236,0.4803625377643504,0.6903323262839879,10.9,0.9798605731990704,185,1784,71,876,27,260,5,94,6,40,1,14,9,45,A,,2026-08-18T15:09:03+00:00,icasas|1500000.0|cuautla|emiliano zapata|150.0|100.0|3.0|2.0
