scope,value,field,n,missing,missing_pct
global,,land_area_m2,155,2,1.2903225806451613
global,,construction_area_m2,155,36,23.225806451612904
global,,bedrooms,155,32,20.64516129032258
global,,bathrooms,155,34,21.935483870967744
global,,parking_spaces,155,34,21.935483870967744
global,,inegi_cve_ageb,155,0,0.0
global,,population_density,155,0,0.0
global,,housing_density,155,0,0.0
global,,car_ownership_ratio,155,0,0.0
global,,internet_access_ratio,155,0,0.0
global,,average_schooling,155,0,0.0
global,,employment_ratio,155,0,0.0
global,,establishments_500m,155,0,0.0
global,,establishments_1km,155,0,0.0
global,,retail_500m,155,0,0.0
global,,retail_1km,155,0,0.0
global,,restaurants_hotels_500m,155,0,0.0
global,,restaurants_hotels_1km,155,0,0.0
global,,health_500m,155,0,0.0
global,,health_1km,155,0,0.0
global,,education_500m,155,0,0.0
global,,education_1km,155,0,0.0
global,,financial_500m,155,0,0.0
global,,financial_1km,155,0,0.0
global,,professional_services_500m,155,0,0.0
global,,professional_services_1km,155,0,0.0
source,icasas,land_area_m2,6,0,0.0
source,icasas,construction_area_m2,6,2,33.33333333333333
source,icasas,bedrooms,6,0,0.0
source,icasas,bathrooms,6,1,16.666666666666664
source,icasas,parking_spaces,6,2,33.33333333333333
source,icasas,inegi_cve_ageb,6,0,0.0
source,icasas,population_density,6,0,0.0
source,icasas,housing_density,6,0,0.0
source,icasas,car_ownership_ratio,6,0,0.0
source,icasas,internet_access_ratio,6,0,0.0
source,icasas,average_schooling,6,0,0.0
source,icasas,employment_ratio,6,0,0.0
source,icasas,establishments_500m,6,0,0.0
source,icasas,establishments_1km,6,0,0.0
source,icasas,retail_500m,6,0,0.0
source,icasas,retail_1km,6,0,0.0
source,icasas,restaurants_hotels_500m,6,0,0.0
source,icasas,restaurants_hotels_1km,6,0,0.0
source,icasas,health_500m,6,0,0.0
source,icasas,health_1km,6,0,0.0
source,icasas,education_500m,6,0,0.0
source,icasas,education_1km,6,0,0.0
source,icasas,financial_500m,6,0,0.0
source,icasas,financial_1km,6,0,0.0
source,icasas,professional_services_500m,6,0,0.0
source,icasas,professional_services_1km,6,0,0.0
source,mercadolibre,land_area_m2,149,2,1.342281879194631
source,mercadolibre,construction_area_m2,149,34,22.818791946308725
source,mercadolibre,bedrooms,149,32,21.476510067114095
source,mercadolibre,bathrooms,149,33,22.14765100671141
source,mercadolibre,parking_spaces,149,32,21.476510067114095
source,mercadolibre,inegi_cve_ageb,149,0,0.0
source,mercadolibre,population_density,149,0,0.0
source,mercadolibre,housing_density,149,0,0.0
source,mercadolibre,car_ownership_ratio,149,0,0.0
source,mercadolibre,internet_access_ratio,149,0,0.0
source,mercadolibre,average_schooling,149,0,0.0
source,mercadolibre,employment_ratio,149,0,0.0
source,mercadolibre,establishments_500m,149,0,0.0
source,mercadolibre,establishments_1km,149,0,0.0
source,mercadolibre,retail_500m,149,0,0.0
source,mercadolibre,retail_1km,149,0,0.0
source,mercadolibre,restaurants_hotels_500m,149,0,0.0
source,mercadolibre,restaurants_hotels_1km,149,0,0.0
source,mercadolibre,health_500m,149,0,0.0
source,mercadolibre,health_1km,149,0,0.0
source,mercadolibre,education_500m,149,0,0.0
source,mercadolibre,education_1km,149,0,0.0
source,mercadolibre,financial_500m,149,0,0.0
source,mercadolibre,financial_1km,149,0,0.0
source,mercadolibre,professional_services_500m,149,0,0.0
source,mercadolibre,professional_services_1km,149,0,0.0
property_type,casa,land_area_m2,84,2,2.380952380952381
property_type,casa,construction_area_m2,84,3,3.571428571428571
property_type,casa,bedrooms,84,1,1.1904761904761905
property_type,casa,bathrooms,84,1,1.1904761904761905
property_type,casa,parking_spaces,84,1,1.1904761904761905
property_type,casa,inegi_cve_ageb,84,0,0.0
property_type,casa,population_density,84,0,0.0
property_type,casa,housing_density,84,0,0.0
property_type,casa,car_ownership_ratio,84,0,0.0
property_type,casa,internet_access_ratio,84,0,0.0
property_type,casa,average_schooling,84,0,0.0
property_type,casa,employment_ratio,84,0,0.0
property_type,casa,establishments_500m,84,0,0.0
property_type,casa,establishments_1km,84,0,0.0
property_type,casa,retail_500m,84,0,0.0
property_type,casa,retail_1km,84,0,0.0
property_type,casa,restaurants_hotels_500m,84,0,0.0
property_type,casa,restaurants_hotels_1km,84,0,0.0
property_type,casa,health_500m,84,0,0.0
property_type,casa,health_1km,84,0,0.0
property_type,casa,education_500m,84,0,0.0
property_type,casa,education_1km,84,0,0.0
property_type,casa,financial_500m,84,0,0.0
property_type,casa,financial_1km,84,0,0.0
property_type,casa,professional_services_500m,84,0,0.0
property_type,casa,professional_services_1km,84,0,0.0
property_type,departamento,land_area_m2,38,0,0.0
property_type,departamento,construction_area_m2,38,1,2.631578947368421
property_type,departamento,bedrooms,38,0,0.0
property_type,departamento,bathrooms,38,0,0.0
property_type,departamento,parking_spaces,38,0,0.0
property_type,departamento,inegi_cve_ageb,38,0,0.0
property_type,departamento,population_density,38,0,0.0
property_type,departamento,housing_density,38,0,0.0
property_type,departamento,car_ownership_ratio,38,0,0.0
property_type,departamento,internet_access_ratio,38,0,0.0
property_type,departamento,average_schooling,38,0,0.0
property_type,departamento,employment_ratio,38,0,0.0
property_type,departamento,establishments_500m,38,0,0.0
property_type,departamento,establishments_1km,38,0,0.0
property_type,departamento,retail_500m,38,0,0.0
property_type,departamento,retail_1km,38,0,0.0
property_type,departamento,restaurants_hotels_500m,38,0,0.0
property_type,departamento,restaurants_hotels_1km,38,0,0.0
property_type,departamento,health_500m,38,0,0.0
property_type,departamento,health_1km,38,0,0.0
property_type,departamento,education_500m,38,0,0.0
property_type,departamento,education_1km,38,0,0.0
property_type,departamento,financial_500m,38,0,0.0
property_type,departamento,financial_1km,38,0,0.0
property_type,departamento,professional_services_500m,38,0,0.0
property_type,departamento,professional_services_1km,38,0,0.0
property_type,terreno,land_area_m2,33,0,0.0
property_type,terreno,construction_area_m2,33,32,96.96969696969697
property_type,terreno,bedrooms,33,31,93.93939393939394
property_type,terreno,bathrooms,33,33,100.0
property_type,terreno,parking_spaces,33,33,100.0
property_type,terreno,inegi_cve_ageb,33,0,0.0
property_type,terreno,population_density,33,0,0.0
property_type,terreno,housing_density,33,0,0.0
property_type,terreno,car_ownership_ratio,33,0,0.0
property_type,terreno,internet_access_ratio,33,0,0.0
property_type,terreno,average_schooling,33,0,0.0
property_type,terreno,employment_ratio,33,0,0.0
property_type,terreno,establishments_500m,33,0,0.0
property_type,terreno,establishments_1km,33,0,0.0
property_type,terreno,retail_500m,33,0,0.0
property_type,terreno,retail_1km,33,0,0.0
property_type,terreno,restaurants_hotels_500m,33,0,0.0
property_type,terreno,restaurants_hotels_1km,33,0,0.0
property_type,terreno,health_500m,33,0,0.0
property_type,terreno,health_1km,33,0,0.0
property_type,terreno,education_500m,33,0,0.0
property_type,terreno,education_1km,33,0,0.0
property_type,terreno,financial_500m,33,0,0.0
property_type,terreno,financial_1km,33,0,0.0
property_type,terreno,professional_services_500m,33,0,0.0
property_type,terreno,professional_services_1km,33,0,0.0
municipality,Atlatlahucan,land_area_m2,24,0,0.0
municipality,Atlatlahucan,construction_area_m2,24,7,29.166666666666668
municipality,Atlatlahucan,bedrooms,24,7,29.166666666666668
municipality,Atlatlahucan,bathrooms,24,7,29.166666666666668
municipality,Atlatlahucan,parking_spaces,24,7,29.166666666666668
municipality,Atlatlahucan,inegi_cve_ageb,24,0,0.0
municipality,Atlatlahucan,population_density,24,0,0.0
municipality,Atlatlahucan,housing_density,24,0,0.0
municipality,Atlatlahucan,car_ownership_ratio,24,0,0.0
municipality,Atlatlahucan,internet_access_ratio,24,0,0.0
municipality,Atlatlahucan,average_schooling,24,0,0.0
municipality,Atlatlahucan,employment_ratio,24,0,0.0
municipality,Atlatlahucan,establishments_500m,24,0,0.0
municipality,Atlatlahucan,establishments_1km,24,0,0.0
municipality,Atlatlahucan,retail_500m,24,0,0.0
municipality,Atlatlahucan,retail_1km,24,0,0.0
municipality,Atlatlahucan,restaurants_hotels_500m,24,0,0.0
municipality,Atlatlahucan,restaurants_hotels_1km,24,0,0.0
municipality,Atlatlahucan,health_500m,24,0,0.0
municipality,Atlatlahucan,health_1km,24,0,0.0
municipality,Atlatlahucan,education_500m,24,0,0.0
municipality,Atlatlahucan,education_1km,24,0,0.0
municipality,Atlatlahucan,financial_500m,24,0,0.0
municipality,Atlatlahucan,financial_1km,24,0,0.0
municipality,Atlatlahucan,professional_services_500m,24,0,0.0
municipality,Atlatlahucan,professional_services_1km,24,0,0.0
municipality,Ayala,land_area_m2,4,0,0.0
municipality,Ayala,construction_area_m2,4,1,25.0
municipality,Ayala,bedrooms,4,1,25.0
municipality,Ayala,bathrooms,4,1,25.0
municipality,Ayala,parking_spaces,4,1,25.0
municipality,Ayala,inegi_cve_ageb,4,0,0.0
municipality,Ayala,population_density,4,0,0.0
municipality,Ayala,housing_density,4,0,0.0
municipality,Ayala,car_ownership_ratio,4,0,0.0
municipality,Ayala,internet_access_ratio,4,0,0.0
municipality,Ayala,average_schooling,4,0,0.0
municipality,Ayala,employment_ratio,4,0,0.0
municipality,Ayala,establishments_500m,4,0,0.0
municipality,Ayala,establishments_1km,4,0,0.0
municipality,Ayala,retail_500m,4,0,0.0
municipality,Ayala,retail_1km,4,0,0.0
municipality,Ayala,restaurants_hotels_500m,4,0,0.0
municipality,Ayala,restaurants_hotels_1km,4,0,0.0
municipality,Ayala,health_500m,4,0,0.0
municipality,Ayala,health_1km,4,0,0.0
municipality,Ayala,education_500m,4,0,0.0
municipality,Ayala,education_1km,4,0,0.0
municipality,Ayala,financial_500m,4,0,0.0
municipality,Ayala,financial_1km,4,0,0.0
municipality,Ayala,professional_services_500m,4,0,0.0
municipality,Ayala,professional_services_1km,4,0,0.0
municipality,Cuautla,land_area_m2,18,0,0.0
municipality,Cuautla,construction_area_m2,18,5,27.77777777777778
municipality,Cuautla,bedrooms,18,2,11.11111111111111
municipality,Cuautla,bathrooms,18,4,22.22222222222222
municipality,Cuautla,parking_spaces,18,5,27.77777777777778
municipality,Cuautla,inegi_cve_ageb,18,0,0.0
municipality,Cuautla,population_density,18,0,0.0
municipality,Cuautla,housing_density,18,0,0.0
municipality,Cuautla,car_ownership_ratio,18,0,0.0
municipality,Cuautla,internet_access_ratio,18,0,0.0
municipality,Cuautla,average_schooling,18,0,0.0
municipality,Cuautla,employment_ratio,18,0,0.0
municipality,Cuautla,establishments_500m,18,0,0.0
municipality,Cuautla,establishments_1km,18,0,0.0
municipality,Cuautla,retail_500m,18,0,0.0
municipality,Cuautla,retail_1km,18,0,0.0
municipality,Cuautla,restaurants_hotels_500m,18,0,0.0
municipality,Cuautla,restaurants_hotels_1km,18,0,0.0
municipality,Cuautla,health_500m,18,0,0.0
municipality,Cuautla,health_1km,18,0,0.0
municipality,Cuautla,education_500m,18,0,0.0
municipality,Cuautla,education_1km,18,0,0.0
municipality,Cuautla,financial_500m,18,0,0.0
municipality,Cuautla,financial_1km,18,0,0.0
municipality,Cuautla,professional_services_500m,18,0,0.0
municipality,Cuautla,professional_services_1km,18,0,0.0
municipality,Cuernavaca,land_area_m2,39,0,0.0
municipality,Cuernavaca,construction_area_m2,39,8,20.51282051282051
municipality,Cuernavaca,bedrooms,39,6,15.384615384615385
municipality,Cuernavaca,bathrooms,39,6,15.384615384615385
municipality,Cuernavaca,parking_spaces,39,6,15.384615384615385
municipality,Cuernavaca,inegi_cve_ageb,39,0,0.0
municipality,Cuernavaca,population_density,39,0,0.0
municipality,Cuernavaca,housing_density,39,0,0.0
municipality,Cuernavaca,car_ownership_ratio,39,0,0.0
municipality,Cuernavaca,internet_access_ratio,39,0,0.0
municipality,Cuernavaca,average_schooling,39,0,0.0
municipality,Cuernavaca,employment_ratio,39,0,0.0
municipality,Cuernavaca,establishments_500m,39,0,0.0
municipality,Cuernavaca,establishments_1km,39,0,0.0
municipality,Cuernavaca,retail_500m,39,0,0.0
municipality,Cuernavaca,retail_1km,39,0,0.0
municipality,Cuernavaca,restaurants_hotels_500m,39,0,0.0
municipality,Cuernavaca,restaurants_hotels_1km,39,0,0.0
municipality,Cuernavaca,health_500m,39,0,0.0
municipality,Cuernavaca,health_1km,39,0,0.0
municipality,Cuernavaca,education_500m,39,0,0.0
municipality,Cuernavaca,education_1km,39,0,0.0
municipality,Cuernavaca,financial_500m,39,0,0.0
municipality,Cuernavaca,financial_1km,39,0,0.0
municipality,Cuernavaca,professional_services_500m,39,0,0.0
municipality,Cuernavaca,professional_services_1km,39,0,0.0
municipality,Emiliano Zapata,land_area_m2,9,0,0.0
municipality,Emiliano Zapata,construction_area_m2,9,2,22.22222222222222
municipality,Emiliano Zapata,bedrooms,9,2,22.22222222222222
municipality,Emiliano Zapata,bathrooms,9,2,22.22222222222222
municipality,Emiliano Zapata,parking_spaces,9,2,22.22222222222222
municipality,Emiliano Zapata,inegi_cve_ageb,9,0,0.0
municipality,Emiliano Zapata,population_density,9,0,0.0
municipality,Emiliano Zapata,housing_density,9,0,0.0
municipality,Emiliano Zapata,car_ownership_ratio,9,0,0.0
municipality,Emiliano Zapata,internet_access_ratio,9,0,0.0
municipality,Emiliano Zapata,average_schooling,9,0,0.0
municipality,Emiliano Zapata,employment_ratio,9,0,0.0
municipality,Emiliano Zapata,establishments_500m,9,0,0.0
municipality,Emiliano Zapata,establishments_1km,9,0,0.0
municipality,Emiliano Zapata,retail_500m,9,0,0.0
municipality,Emiliano Zapata,retail_1km,9,0,0.0
municipality,Emiliano Zapata,restaurants_hotels_500m,9,0,0.0
municipality,Emiliano Zapata,restaurants_hotels_1km,9,0,0.0
municipality,Emiliano Zapata,health_500m,9,0,0.0
municipality,Emiliano Zapata,health_1km,9,0,0.0
municipality,Emiliano Zapata,education_500m,9,0,0.0
municipality,Emiliano Zapata,education_1km,9,0,0.0
municipality,Emiliano Zapata,financial_500m,9,0,0.0
municipality,Emiliano Zapata,financial_1km,9,0,0.0
municipality,Emiliano Zapata,professional_services_500m,9,0,0.0
municipality,Emiliano Zapata,professional_services_1km,9,0,0.0
municipality,Jiutepec,land_area_m2,18,0,0.0
municipality,Jiutepec,construction_area_m2,18,6,33.33333333333333
municipality,Jiutepec,bedrooms,18,6,33.33333333333333
municipality,Jiutepec,bathrooms,18,6,33.33333333333333
municipality,Jiutepec,parking_spaces,18,6,33.33333333333333
municipality,Jiutepec,inegi_cve_ageb,18,0,0.0
municipality,Jiutepec,population_density,18,0,0.0
municipality,Jiutepec,housing_density,18,0,0.0
municipality,Jiutepec,car_ownership_ratio,18,0,0.0
municipality,Jiutepec,internet_access_ratio,18,0,0.0
municipality,Jiutepec,average_schooling,18,0,0.0
municipality,Jiutepec,employment_ratio,18,0,0.0
municipality,Jiutepec,establishments_500m,18,0,0.0
municipality,Jiutepec,establishments_1km,18,0,0.0
municipality,Jiutepec,retail_500m,18,0,0.0
municipality,Jiutepec,retail_1km,18,0,0.0
municipality,Jiutepec,restaurants_hotels_500m,18,0,0.0
municipality,Jiutepec,restaurants_hotels_1km,18,0,0.0
municipality,Jiutepec,health_500m,18,0,0.0
municipality,Jiutepec,health_1km,18,0,0.0
municipality,Jiutepec,education_500m,18,0,0.0
municipality,Jiutepec,education_1km,18,0,0.0
municipality,Jiutepec,financial_500m,18,0,0.0
municipality,Jiutepec,financial_1km,18,0,0.0
municipality,Jiutepec,professional_services_500m,18,0,0.0
municipality,Jiutepec,professional_services_1km,18,0,0.0
municipality,Temixco,land_area_m2,8,0,0.0
municipality,Temixco,construction_area_m2,8,0,0.0
municipality,Temixco,bedrooms,8,0,0.0
municipality,Temixco,bathrooms,8,0,0.0
municipality,Temixco,parking_spaces,8,0,0.0
municipality,Temixco,inegi_cve_ageb,8,0,0.0
municipality,Temixco,population_density,8,0,0.0
municipality,Temixco,housing_density,8,0,0.0
municipality,Temixco,car_ownership_ratio,8,0,0.0
municipality,Temixco,internet_access_ratio,8,0,0.0
municipality,Temixco,average_schooling,8,0,0.0
municipality,Temixco,employment_ratio,8,0,0.0
municipality,Temixco,establishments_500m,8,0,0.0
municipality,Temixco,establishments_1km,8,0,0.0
municipality,Temixco,retail_500m,8,0,0.0
municipality,Temixco,retail_1km,8,0,0.0
municipality,Temixco,restaurants_hotels_500m,8,0,0.0
municipality,Temixco,restaurants_hotels_1km,8,0,0.0
municipality,Temixco,health_500m,8,0,0.0
municipality,Temixco,health_1km,8,0,0.0
municipality,Temixco,education_500m,8,0,0.0
municipality,Temixco,education_1km,8,0,0.0
municipality,Temixco,financial_500m,8,0,0.0
municipality,Temixco,financial_1km,8,0,0.0
municipality,Temixco,professional_services_500m,8,0,0.0
municipality,Temixco,professional_services_1km,8,0,0.0
municipality,Xochitepec,land_area_m2,12,0,0.0
municipality,Xochitepec,construction_area_m2,12,4,33.33333333333333
municipality,Xochitepec,bedrooms,12,4,33.33333333333333
municipality,Xochitepec,bathrooms,12,4,33.33333333333333
municipality,Xochitepec,parking_spaces,12,4,33.33333333333333
municipality,Xochitepec,inegi_cve_ageb,12,0,0.0
municipality,Xochitepec,population_density,12,0,0.0
municipality,Xochitepec,housing_density,12,0,0.0
municipality,Xochitepec,car_ownership_ratio,12,0,0.0
municipality,Xochitepec,internet_access_ratio,12,0,0.0
municipality,Xochitepec,average_schooling,12,0,0.0
municipality,Xochitepec,employment_ratio,12,0,0.0
municipality,Xochitepec,establishments_500m,12,0,0.0
municipality,Xochitepec,establishments_1km,12,0,0.0
municipality,Xochitepec,retail_500m,12,0,0.0
municipality,Xochitepec,retail_1km,12,0,0.0
municipality,Xochitepec,restaurants_hotels_500m,12,0,0.0
municipality,Xochitepec,restaurants_hotels_1km,12,0,0.0
municipality,Xochitepec,health_500m,12,0,0.0
municipality,Xochitepec,health_1km,12,0,0.0
municipality,Xochitepec,education_500m,12,0,0.0
municipality,Xochitepec,education_1km,12,0,0.0
municipality,Xochitepec,financial_500m,12,0,0.0
municipality,Xochitepec,financial_1km,12,0,0.0
municipality,Xochitepec,professional_services_500m,12,0,0.0
municipality,Xochitepec,professional_services_1km,12,0,0.0
municipality,Yautepec,land_area_m2,23,2,8.695652173913043
municipality,Yautepec,construction_area_m2,23,3,13.043478260869565
municipality,Yautepec,bedrooms,23,4,17.391304347826086
municipality,Yautepec,bathrooms,23,4,17.391304347826086
municipality,Yautepec,parking_spaces,23,3,13.043478260869565
municipality,Yautepec,inegi_cve_ageb,23,0,0.0
municipality,Yautepec,population_density,23,0,0.0
municipality,Yautepec,housing_density,23,0,0.0
municipality,Yautepec,car_ownership_ratio,23,0,0.0
municipality,Yautepec,internet_access_ratio,23,0,0.0
municipality,Yautepec,average_schooling,23,0,0.0
municipality,Yautepec,employment_ratio,23,0,0.0
municipality,Yautepec,establishments_500m,23,0,0.0
municipality,Yautepec,establishments_1km,23,0,0.0
municipality,Yautepec,retail_500m,23,0,0.0
municipality,Yautepec,retail_1km,23,0,0.0
municipality,Yautepec,restaurants_hotels_500m,23,0,0.0
municipality,Yautepec,restaurants_hotels_1km,23,0,0.0
municipality,Yautepec,health_500m,23,0,0.0
municipality,Yautepec,health_1km,23,0,0.0
municipality,Yautepec,education_500m,23,0,0.0
municipality,Yautepec,education_1km,23,0,0.0
municipality,Yautepec,financial_500m,23,0,0.0
municipality,Yautepec,financial_1km,23,0,0.0
municipality,Yautepec,professional_services_500m,23,0,0.0
municipality,Yautepec,professional_services_1km,23,0,0.0
