source_id,source,municipality,neighborhood,actual_price,predicted_price,absolute_error,percentage_error,land_area_m2,price_per_land_m2,inegi_cve_ageb,coordinate_quality,quality_flags
MLM-4602135488,mercadolibre,Jiutepec,Centro Jiutepec,10456000.0,13250123.273910366,2794123.273910366,26.722678595164172,4268.0,2449.86,1084,medium,"missing_construction_area,missing_coordinates"
MLM-5370001378,mercadolibre,Atlatlahucan,Lomas De Cocoyoc,3731662.0,4762178.944868472,1030516.9448684724,27.61549531732704,643.0,5803.52,0138,medium,"missing_construction_area,missing_coordinates"
MLM-2985878831,mercadolibre,Ayala,Ciudad Ayala,5056000.0,10827492.70247716,5771492.702477161,114.15135883064004,5056.0,1000.0,0039,medium,"missing_construction_area,missing_coordinates"
MLM-5347925596,mercadolibre,Cuernavaca,Lomas De Ahuatlan,2376582.0,2499880.3114397367,123298.31143973676,5.188052061310603,449.0,5293.06,1537,medium,"missing_construction_area,missing_coordinates"
MLM-5844946628,mercadolibre,Emiliano Zapata,Palo Escrito,26000000.0,21266211.666426793,4733788.333573207,18.206878206050796,6672.0,3896.88,0377,medium,"missing_construction_area,missing_coordinates"
MLM-3246463249,mercadolibre,Emiliano Zapata,Tezoyuca,28700000.0,21019976.256174248,7680023.743825752,26.759664612633284,13022.0,2203.96,017A,medium,"missing_construction_area,missing_coordinates"
MLM-4532041374,mercadolibre,Atlatlahucan,Lomas De Cocoyoc,4670568.0,5155983.3729815,485415.3729814999,10.393069386453636,741.0,6303.06,0138,medium,"missing_construction_area,missing_coordinates"
MLM-5064745416,mercadolibre,Jiutepec,Sumiya,50000000.0,22071128.01497863,27928871.98502137,55.85774397004274,14850.0,3367.0,0122,medium,"missing_construction_area,missing_coordinates"
MLM-5468415308,mercadolibre,Cuernavaca,Vista Hermosa,6300000.0,5806848.901808909,493151.09819109086,7.827795209382395,450.0,14000.0,0187,medium,"missing_construction_area,missing_coordinates"
MLM-2605315741,mercadolibre,Jiutepec,Tlahuapan,8190000.0,3513532.023066476,4676467.976933524,57.09973109808942,2925.0,2800.0,1065,medium,"missing_construction_area,missing_coordinates"
MLM-5468368160,mercadolibre,Cuernavaca,Vista Hermosa,11200000.0,5453404.094589623,5746595.905410377,51.30889201259266,800.0,14000.0,0187,medium,"missing_construction_area,missing_coordinates"
MLM-3071833173,mercadolibre,Yautepec,Amates,41000000.0,46374767.31282295,5374767.312822953,13.10918856786086,36249.0,1131.07,0428,medium,"missing_construction_area,missing_coordinates"
MLM-5608415186,mercadolibre,Atlatlahucan,Lomas De Cocoyoc,4224000.0,4534959.375110739,310959.3751107389,7.361727630462569,675.85,6249.91,0138,medium,"missing_construction_area,missing_coordinates"
MLM-2714460935,mercadolibre,Jiutepec,Pedregal De Las Fuentes,5000000.0,4371696.437814117,628303.5621858826,12.566071243717651,1900.0,2631.58,0230,medium,"missing_construction_area,missing_coordinates"
MLM-2438464407,mercadolibre,Atlatlahucan,Lomas De Cocoyoc,5950000.0,4534959.375110739,1415040.624889261,23.7821953762901,829.0,7177.32,0138,medium,"missing_construction_area,missing_coordinates"
4b92-95f3-18ff51a-92368d6bcb49-7faa,icasas,Cuautla,Tierra Larga,6000000.0,3048384.865758248,2951615.134241752,49.193585570695866,1106.0,5424.95,0014,medium,
MLM-2705584815,mercadolibre,Xochitepec,Xochitepec,1279999.0,4022036.1300029145,2742037.1300029145,214.22181814227312,2000.0,640.0,0045,medium,"missing_construction_area,missing_coordinates"
MLM-5428243280,mercadolibre,Cuautla,Hermenegildo Galeana,1350000.0,3216284.18350999,1866284.18350999,138.24327285259187,423.0,3191.49,0476,medium,"missing_construction_area,missing_coordinates"
MLM-2309651041,mercadolibre,Jiutepec,José López Portillo,20776000.0,30044076.974456437,9268076.974456435,44.60953491748381,5936.0,3500.0,0508,medium,"missing_construction_area,missing_coordinates"
MLM-5902658896,mercadolibre,Cuernavaca,Del Bosque,2340000.0,2726350.435381411,386350.4353814111,16.51070236672697,1296.0,1805.56,1024,medium,"missing_construction_area,missing_coordinates"
MLM-2711592527,mercadolibre,Atlatlahucan,Lomas De Cocoyoc,2600000.0,4536877.040630565,1936877.040630565,74.49527079348327,350.0,7428.57,0138,medium,"missing_construction_area,missing_coordinates"
MLM-4571122436,mercadolibre,Xochitepec,Chiconcuac,500000.0,1247675.2046378232,747675.2046378232,149.5350409275646,500.0,1000.0,037A,medium,"missing_construction_area,missing_coordinates"
MLM-4534534796,mercadolibre,Atlatlahucan,Lomas De Cocoyoc,5912500.0,5112157.852104182,800342.1478958176,13.53644224770939,1075.0,5500.0,0138,medium,"missing_construction_area,missing_coordinates"
MLM-2718606247,mercadolibre,Xochitepec,Chiconcuac,1279997.0,1362003.3481872245,82006.34818722447,6.406760967972931,2000.0,640.0,037A,medium,"missing_construction_area,missing_coordinates"
MLM-4756939850,mercadolibre,Yautepec,Pedregal De Oaxtepec,1300000.0,3092137.208904882,1792137.208904882,137.85670837729862,335.0,3880.6,0432,medium,"missing_construction_area,missing_coordinates"
MLM-3254214755,mercadolibre,Cuernavaca,Del Bosque,1758896.0,3282416.3149867114,1523520.3149867114,86.6179873617719,1099.0,1600.45,1024,medium,"missing_construction_area,missing_coordinates"
MLM-2897440679,mercadolibre,Cuautla,Lázaro Cárdenas,2000000.0,3811104.369432363,1811104.3694323632,90.55521847161816,1000.0,2000.0,0368,medium,"missing_construction_area,missing_coordinates"
MLM-4904229866,mercadolibre,Xochitepec,Alpuyeca,2145000.0,24230010.83131247,22085010.83131247,1029.604234560022,7150.0,300.0,0026,medium,"missing_construction_area,missing_coordinates"
MLM-4747030498,mercadolibre,Jiutepec,Jiutepec,250000.0,3397081.546660573,3147081.546660573,1258.8326186642294,500.0,500.0,0620,medium,"missing_construction_area,missing_coordinates"
MLM-5199712528,mercadolibre,Cuernavaca,Miraval,2590000.0,3870358.067135875,1280358.067135875,49.43467440679055,370.0,7000.0,0153,medium,"missing_construction_area,missing_coordinates"
MLM-3871630662,mercadolibre,Cuautla,Lázaro Cárdenas,3750000.0,3811104.369432363,61104.36943236319,1.6294498515296851,835.0,4491.02,0368,medium,"missing_construction_area,missing_coordinates"
MLM-4532067472,mercadolibre,Atlatlahucan,Lomas De Cocoyoc,4014500.0,4231045.432511648,216545.43251164816,5.394082264582094,647.0,6204.79,0138,medium,"missing_construction_area,missing_coordinates"
MLM-4048570156,mercadolibre,Yautepec,Oaxtepec Centro,750000.0,5289884.769268369,4539884.769268369,605.3179692357826,900.0,833.33,0273,medium,"missing_construction_area,missing_coordinates"
