ENTIDAD,MUN,LOC,AGEB,MZA,POBTOT,TVIVHAB,VPH_AUTOM,VPH_INTER,GRAPROES,PEA,POCUPADA
17,000,0000,0000,000,1971520,560941,234837,307830,9.84,1017989,996215
17,001,0000,0000,000,17598,4992,1545,1919,8.52,7649,7514
17,001,0001,0000,000,5575,1629,627,811,9.71,2693,2646
17,001,0001,0060,000,1415,419,134,177,9.14,693,686
17,001,0001,0075,000,639,172,88,109,10.51,324,319
17,001,0001,008A,000,758,200,66,48,7.93,339,329
17,001,0001,0107,000,1184,346,136,203,9.93,539,529
17,001,0001,0111,000,1570,489,201,271,10.49,794,779
17,001,0001,0164,000,9,3,*,3,13.25,4,4
17,001,0008,0000,000,2955,862,270,360,8.85,1111,1088
17,001,0008,0145,000,1456,425,155,212,9.38,569,551
17,001,0008,015A,000,1499,437,115,148,8.33,542,537
17,002,0000,0000,000,25232,7060,3019,2882,9.34,12052,11860
17,002,0001,0000,000,9018,2402,783,1086,9.34,4550,4460
17,002,0001,0049,000,1001,267,86,108,9.14,502,493
17,002,0001,0072,000,2359,639,175,269,8.95,1139,1117
17,002,0001,0087,000,3139,817,298,425,9.78,1690,1664
17,002,0001,0091,000,2426,657,218,277,9.21,1172,1142
17,002,0001,0161,000,51,11,3,4,9.33,25,22
17,002,0001,0176,000,42,11,3,3,8.61,22,22
17,002,0033,0000,000,2506,959,895,907,14.26,1033,1012
17,002,0033,0138,000,973,397,367,374,14.18,401,390
17,002,0033,0142,000,683,244,229,230,14.09,258,253
17,002,0033,0157,000,588,226,211,214,14.42,265,261
17,002,0033,0180,000,184,61,59,60,14.61,76,75
17,002,0033,0195,000,31,11,11,11,15.38,13,13
17,002,0033,0208,000,47,20,18,18,14.66,20,20
17,003,0000,0000,000,39174,9978,3071,3304,8.07,19038,18844
17,003,0001,0000,000,19085,4879,1395,1968,8.62,9167,9069
17,003,0001,007A,000,1702,445,137,204,8.68,864,855
17,003,0001,0084,000,291,72,21,17,8.05,130,128
17,003,0001,0099,000,593,157,33,53,8.52,236,236
17,003,0001,0101,000,834,208,49,71,7.67,404,398
17,003,0001,0116,000,1318,341,118,98,7.61,616,605
17,003,0001,0120,000,970,224,60,60,8.05,467,464
17,003,0001,0135,000,2181,528,125,179,7.88,976,969
17,003,0001,0169,000,3493,908,259,397,9.1,1645,1634
17,003,0001,0173,000,2676,714,185,311,8.82,1306,1300
17,003,0001,0205,000,2611,678,213,330,9.1,1321,1309
17,003,0001,021A,000,2108,536,172,228,9.01,1075,1047
17,003,0001,0224,000,64,15,7,7,8.41,29,28
17,003,0001,0239,000,68,15,5,4,8.38,26,25
17,003,0001,0258,000,176,38,11,9,8.49,72,71
17,003,0003,0000,000,3818,945,267,229,6.61,1942,1933
17,003,0003,0154,000,3670,904,253,224,6.64,1873,1864
17,003,0003,0243,000,148,41,14,5,6.04,69,69
17,003,0010,0000,000,5534,1323,242,207,6.86,2519,2480
17,003,0010,0188,000,2749,670,122,103,6.95,1315,1302
17,003,0010,0192,000,2785,653,120,104,6.77,1204,1178
17,004,0000,0000,000,89834,25051,8334,9905,8.69,44704,44035
17,004,0001,0000,000,6335,1813,666,854,9.92,3245,3197
17,004,0001,0039,000,2879,820,361,459,10.83,1474,1444
17,004,0001,0128,000,1238,358,108,158,8.9,629,626
17,004,0001,0202,000,877,238,70,100,9.25,437,430
17,004,0001,033A,000,1089,324,105,118,9.63,577,571
17,004,0001,0359,000,136,40,12,9,7.08,63,63
17,004,0001,0503,000,116,33,10,10,8.21,65,63
17,004,0004,0000,000,11227,3128,947,1262,8.96,5663,5577
17,004,0004,0024,000,3279,930,365,514,10.21,1746,1721
17,004,0004,0113,000,1827,512,169,215,9.02,900,877
17,004,0004,019A,000,1085,287,89,114,8.45,543,540
17,004,0004,0363,000,170,52,15,20,8.68,102,101
17,004,0004,0452,000,1072,297,80,106,8.35,545,539
17,004,0004,0467,000,996,284,70,87,8.1,509,505
17,004,0004,0471,000,420,113,16,23,7.99,194,190
17,004,0004,0486,000,378,85,15,18,7.71,174,170
17,004,0004,0490,000,118,35,9,6,6.64,58,58
17,004,0004,0518,000,516,151,28,42,8.04,233,226
17,004,0004,0522,000,1279,351,82,108,8.43,611,602
17,004,0004,0560,000,87,31,9,9,7.97,48,48
17,004,0004,058A,000,0,*,0,0,0.00,0,0
17,004,0005,0000,000,13032,3744,1125,1734,9.02,6544,6411
17,004,0005,0077,000,6148,1804,522,832,9.29,3043,2982
17,004,0005,0221,000,1197,355,126,183,9.45,618,593
17,004,0005,0236,000,1623,465,159,285,9.17,811,795
17,004,0005,0289,000,2472,699,211,274,8.79,1242,1226
17,004,0005,0293,000,1472,385,97,152,7.59,759,746
17,004,0005,0306,000,120,36,10,8,9.63,71,69
17,004,0008,0000,000,3149,908,282,344,7.86,1573,1559
17,004,0008,0433,000,2029,556,169,204,7.96,906,893
17,004,0008,0448,000,1120,352,113,140,7.68,667,666
17,004,0011,0000,000,2878,729,239,140,7.49,1402,1393
17,004,0011,0166,000,2878,729,239,140,7.49,1402,1393
17,004,0012,0000,000,4026,1024,348,374,7.9,1902,1857
17,004,0012,0378,000,1870,471,152,156,7.59,840,816
17,004,0012,0382,000,2156,553,196,218,8.16,1062,1041
17,004,0014,0000,000,3949,1114,392,436,8.49,1956,1911
17,004,0014,0255,000,1091,301,97,96,7.95,536,522
17,004,0014,026A,000,136,39,13,15,9.4,47,47
17,004,0014,0397,000,1392,391,126,148,8.3,698,684
17,004,0014,040A,000,1114,316,131,157,9.11,573,561
17,004,0014,0537,000,133,39,9,5,7.19,62,57
17,004,0014,0541,000,65,23,13,13,10.42,30,30
17,004,0014,0556,000,18,5,3,*,10.17,10,10
17,004,0023,0000,000,2547,714,249,328,8.82,1244,1235
17,004,0023,0594,000,1951,560,209,277,9.2,951,948
17,004,0023,0607,000,596,154,40,51,7.48,293,287
17,004,0026,0000,000,8835,2313,733,1069,8.86,4465,4429
17,004,0026,0240,000,791,238,77,111,9.21,420,418
17,004,0026,0414,000,5426,1359,394,606,8.43,2702,2682
17,004,0026,0429,000,2618,716,262,352,9.59,1343,1329
17,004,0027,0000,000,2879,812,371,361,9.15,1484,1465
17,004,0027,001A,000,15,6,5,3,14.08,11,11
17,004,0027,0043,000,1614,459,215,210,9.3,865,860
17,004,0027,0058,000,694,195,92,81,9,345,337
17,004,0027,0081,000,551,150,58,67,8.77,261,255
17,004,0027,0096,000,5,2,*,*,*,*,*
17,005,0000,0000,000,10520,2996,1001,837,7.82,4200,4040
17,005,0001,0000,000,1907,619,236,316,9.44,888,860
17,005,0001,0036,000,1110,371,140,190,9.76,550,545
17,005,0001,006A,000,206,62,19,22,8.01,101,101
17,005,0001,0074,000,298,95,50,59,10.12,100,78
17,005,0001,0089,000,291,89,25,43,8.49,135,134
17,005,0001,0093,000,2,2,*,*,*,*,*
17,006,0000,0000,000,187118,52396,21279,30286,10.04,97870,96153
17,006,0001,0000,000,157336,44314,18207,26968,10.26,82833,81355
17,006,0001,0048,000,2562,791,373,533,11.14,1335,1305
17,006,0001,0137,000,1619,405,177,254,10.18,848,832
17,006,0001,0156,000,1624,504,167,333,10.84,842,829
17,006,0001,0175,000,2864,835,376,529,11.06,1535,1493
17,006,0001,0211,000,2449,620,280,385,10.05,1249,1211
17,006,0001,0226,000,2726,747,364,498,10.71,1427,1402
17,006,0001,025A,000,560,160,60,118,11.33,277,270
17,006,0001,0283,000,2102,596,237,372,10.38,1091,1076
17,006,0001,0300,000,1369,362,166,243,9.83,653,651
17,006,0001,0315,000,305,80,24,41,8.87,155,153
17,006,0001,032A,000,6374,1698,525,881,9.13,3381,3354
17,006,0001,0334,000,1201,363,164,227,10.72,643,629
17,006,0001,0349,000,402,134,97,122,13.11,209,203
17,006,0001,0353,000,1828,490,156,236,8.75,959,938
17,006,0001,0368,000,1914,476,224,243,9.39,938,921
17,006,0001,0372,000,5619,1455,510,837,9.06,2910,2835
17,006,0001,0387,000,1222,349,152,206,10.62,657,640
17,006,0001,0391,000,2372,662,318,457,10.9,1291,1265
17,006,0001,0404,000,1986,536,195,268,9.09,1093,1080
17,006,0001,0423,000,3356,893,446,528,10.43,1712,1699
17,006,0001,0438,000,3512,920,400,459,9.64,1874,1846
17,006,0001,0476,000,2592,802,327,518,11.07,1436,1405
17,006,0001,0480,000,3605,1058,414,683,10.86,1931,1905
17,006,0001,0495,000,3333,905,365,524,9.94,1652,1627
17,006,0001,0508,000,5559,1574,612,1006,10.34,2976,2923
17,006,0001,0512,000,1440,429,175,311,11,803,784
17,006,0001,0527,000,2200,711,291,546,11.04,1241,1215
17,006,0001,0531,000,2481,787,325,505,11.8,1353,1338
17,006,0001,0546,000,2441,764,240,464,10.9,1344,1326
17,006,0001,0550,000,2107,598,254,386,10.71,1164,1125
17,006,0001,0565,000,1547,432,223,294,10.86,763,756
17,006,0001,057A,000,2265,750,292,501,11.67,1270,1243
17,006,0001,0584,000,3795,1034,321,596,10.18,1833,1802
17,006,0001,0599,000,1609,568,191,373,11.81,854,828
17,006,0001,0601,000,4735,1395,576,871,11.06,2488,2445
17,006,0001,0616,000,2477,780,365,582,11.01,1399,1378
17,006,0001,0620,000,3394,977,346,559,9.92,1826,1777
17,006,0001,0635,000,1908,544,327,387,11.7,894,883
17,006,0001,0654,000,4131,1126,425,749,9.8,2274,2236
17,006,0001,0669,000,2825,774,289,457,9.84,1524,1507
17,006,0001,0673,000,2452,691,250,406,9.96,1320,1302
17,006,0001,0688,000,1378,384,157,238,10.28,884,878
17,006,0001,0692,000,4383,1193,430,558,9.14,2148,2111
17,006,0001,0705,000,3056,832,339,479,10.35,1606,1591
17,006,0001,071A,000,1871,580,301,466,11.8,896,874
17,006,0001,0724,000,4171,1253,545,815,10.83,2223,2196
17,006,0001,0739,000,952,295,204,244,12.65,575,564
17,006,0001,0743,000,760,253,182,199,12.62,370,357
17,006,0001,0758,000,2432,678,304,427,10.57,1186,1165
17,006,0001,0762,000,2538,707,315,345,9.73,1334,1317
17,006,0001,0777,000,1040,260,88,146,9.05,508,498
17,006,0001,0781,000,563,136,62,68,9.19,273,270
17,006,0001,0796,000,305,83,29,36,7.88,166,166
17,006,0001,0809,000,2538,590,165,261,8.84,1281,1267
17,006,0001,0828,000,3069,786,346,468,9.46,1565,1538
17,006,0001,0832,000,4782,1262,479,598,9.02,2538,2487
17,006,0001,0847,000,1864,530,249,381,10.58,971,958
17,006,0001,0851,000,2057,565,171,258,9.2,1169,1146
17,006,0001,0870,000,65,20,11,11,9.49,31,30
17,006,0001,0885,000,20,6,*,4,9.6,10,9
17,006,0001,089A,000,176,48,16,21,8.35,80,75
17,006,0001,0902,000,783,211,86,105,8.68,394,385
17,006,0001,0917,000,119,27,7,8,7.44,50,49
17,006,0001,0936,000,324,81,29,39,8.09,152,150
17,006,0001,0940,000,338,88,31,32,7.95,170,169
17,006,0001,0955,000,1531,387,143,233,8.83,808,798
17,006,0001,096A,000,44,13,3,*,6.73,28,26
17,006,0001,0974,000,108,30,9,5,7.3,51,51
17,006,0001,0989,000,119,31,5,8,6.31,72,72
17,006,0001,0993,000,128,36,17,26,10.67,72,71
17,006,0001,1008,000,292,79,28,46,10.24,151,146
17,006,0001,1012,000,678,166,39,57,8,328,320
17,006,0001,1027,000,642,213,147,166,13.39,369,365
17,006,0001,1031,000,88,22,9,15,7.21,38,37
17,006,0001,1046,000,190,44,20,15,8.61,94,94
17,006,0001,1050,000,31,9,5,7,8.5,13,12
17,006,0001,1065,000,1028,287,84,111,9.1,563,563
17,006,0001,107A,000,2311,748,395,582,12.49,1206,1167
17,006,0001,1084,000,1974,594,272,400,11.04,1051,1043
17,006,0001,1099,000,1724,452,183,252,9.98,891,831
17,006,0001,1101,000,63,17,8,6,9.63,31,30
17,006,0001,1116,000,45,12,4,*,7.48,27,27
17,006,0001,1120,000,677,220,165,190,13.52,341,339
17,006,0001,1135,000,1217,311,104,151,8.76,695,676
17,006,0032,0000,000,4448,1172,474,601,9.2,2163,2139
17,006,0032,0866,000,4426,1165,470,599,9.2,2151,2127
17,006,0032,0921,000,22,7,4,*,8.94,12,12
17,006,0078,0000,000,2589,720,372,372,9.93,1272,1238
17,006,0078,0014,000,2050,523,202,197,8.75,1010,984
17,006,0078,0118,000,297,107,92,97,14.21,143,141
17,006,0078,0194,000,242,90,78,78,13.93,119,113
17,007,0000,0000,000,378476,114742,60176,83635,11.39,203425,198226
17,007,0001,0000,000,341029,104049,54292,76815,11.47,183525,178809
17,007,0001,0011,000,5509,1566,604,1042,10.64,2862,2785
17,007,0001,0026,000,1484,517,388,463,13.67,805,788
17,007,0001,0030,000,2949,828,321,537,10.72,1568,1522
17,007,0001,0045,000,4034,1295,819,1030,12.44,2256,2211
17,007,0001,005A,000,4655,1582,966,1319,12.95,2396,2351
17,007,0001,0064,000,4622,1440,830,1128,11.96,2482,2414
17,007,0001,0079,000,3683,1310,746,1098,12.97,2059,2000
17,007,0001,0083,000,4854,1555,904,1249,12.46,2647,2572
17,007,0001,012A,000,4133,1476,1036,1275,13.53,2237,2169
17,007,0001,0149,000,6144,2052,706,1356,11.17,3278,3205
17,007,0001,0153,000,2273,786,439,656,12.38,1148,1129
17,007,0001,0168,000,2609,881,456,647,11.88,1382,1344
17,007,0001,0172,000,652,219,182,202,13.9,377,364
17,007,0001,0187,000,630,227,180,205,13.55,339,338
17,007,0001,0191,000,750,269,249,258,14.18,378,373
17,007,0001,0204,000,1258,408,355,382,13.48,688,675
17,007,0001,0219,000,6343,1937,1014,1478,11.18,3322,3232
17,007,0001,0223,000,1194,439,223,325,11.7,701,686
17,007,0001,0242,000,635,247,93,197,12.76,384,375
17,007,0001,0257,000,1423,547,133,396,12.12,843,824
17,007,0001,0261,000,3649,1188,579,881,12.26,1866,1832
17,007,0001,0280,000,678,217,155,183,12.2,418,408
17,007,0001,0295,000,1741,649,576,608,13.8,889,870
17,007,0001,0308,000,5222,1626,925,1336,12.24,2739,2669
17,007,0001,0312,000,2860,865,520,699,12.09,1417,1379
17,007,0001,0327,000,812,295,111,221,12.49,463,451
17,007,0001,0331,000,722,291,115,215,12.68,426,416
17,007,0001,0346,000,2282,816,448,636,13.12,1248,1213
17,007,0001,0350,000,2962,1002,562,757,12.42,1565,1512
17,007,0001,0365,000,1528,558,299,409,12.89,845,832
17,007,0001,037A,000,1900,783,492,690,13.85,1105,1075
17,007,0001,0401,000,4260,1416,852,1112,12.64,2371,2327
17,007,0001,0416,000,5741,1841,1046,1393,11.55,3259,3220
17,007,0001,044A,000,3054,820,324,584,10.28,1734,1696
17,007,0001,0454,000,2053,551,228,352,10.15,1008,981
17,007,0001,0492,000,1487,475,352,408,13.24,756,734
17,007,0001,0505,000,1277,491,403,456,14.1,670,638
17,007,0001,051A,000,6076,1649,714,1039,10.09,3358,3288
17,007,0001,0524,000,6013,1744,779,1191,10.77,3393,3301
17,007,0001,0543,000,3354,908,416,644,10.8,1760,1691
17,007,0001,0558,000,7530,2166,966,1490,10.81,4022,3937
17,007,0001,0562,000,9449,2601,1314,1794,10.74,5150,4981
17,007,0001,0577,000,3108,872,488,627,11.15,1705,1663
17,007,0001,0581,000,3523,980,526,676,10.7,1890,1841
17,007,0001,0596,000,1597,439,235,319,10.54,838,815
17,007,0001,0609,000,1340,411,265,324,12.03,693,667
17,007,0001,0666,000,2541,733,503,578,11.55,1351,1317
17,007,0001,0670,000,6700,2218,1538,1824,12.85,3709,3622
17,007,0001,0685,000,4353,1289,480,773,9.94,2397,2369
17,007,0001,069A,000,3761,1021,417,662,10.08,2012,1953
17,007,0001,0717,000,4653,1465,970,1253,12.51,2382,2292
17,007,0001,0721,000,2498,796,650,711,13.3,1273,1224
17,007,0001,0736,000,160,59,52,56,14.01,96,94
17,007,0001,0740,000,410,160,152,157,14.62,219,215
17,007,0001,076A,000,2906,757,350,559,10.57,1653,1609
17,007,0001,0806,000,3427,946,394,590,9.69,1760,1718
17,007,0001,0810,000,3403,977,342,566,9.69,1807,1761
17,007,0001,0825,000,3035,852,311,489,9.76,1631,1583
17,007,0001,083A,000,2376,710,212,415,10.02,1334,1300
17,007,0001,0844,000,2495,807,524,651,11.91,1438,1414
17,007,0001,0859,000,2722,845,336,642,11.44,1548,1500
17,007,0001,0863,000,1590,517,216,395,12.14,895,869
17,007,0001,0878,000,1478,490,165,373,12.17,818,778
17,007,0001,0882,000,1940,611,254,422,11.1,1080,1041
17,007,0001,0897,000,956,323,134,253,12.06,567,541
17,007,0001,0967,000,546,166,131,151,13.29,277,272
17,007,0001,0971,000,2906,843,284,523,10.41,1487,1453
17,007,0001,0986,000,3987,1161,517,813,11.3,2105,2050
17,007,0001,0990,000,3656,1251,494,826,11.45,2098,2004
17,007,0001,1005,000,5061,1541,756,1156,11.51,2752,2685
17,007,0001,101A,000,1694,605,533,574,14.37,945,929
17,007,0001,1024,000,2297,656,288,396,10.03,1328,1315
17,007,0001,1039,000,6258,2051,1609,1754,13.49,3300,3206
17,007,0001,1062,000,2203,644,291,461,11.54,1146,1124
17,007,0001,1077,000,3045,873,359,556,10.52,1581,1530
17,007,0001,1081,000,3430,996,375,610,10.27,1809,1738
17,007,0001,1109,000,1868,570,300,417,11.49,960,924
17,007,0001,1113,000,3167,943,467,682,11,1845,1812
17,007,0001,1128,000,4045,1200,792,944,12.12,2199,2163
17,007,0001,1132,000,1509,537,388,473,13.56,759,744
17,007,0001,1147,000,2424,800,528,651,12.44,1310,1274
17,007,0001,1151,000,3059,916,518,709,11.36,1565,1527
17,007,0001,1166,000,4529,1302,559,898,10.64,2364,2298
17,007,0001,1217,000,1999,617,380,509,12.44,1102,1079
17,007,0001,1221,000,3074,991,688,833,13.06,1574,1549
17,007,0001,1236,000,4585,1552,985,1230,12.36,2649,2598
17,007,0001,1240,000,1555,515,382,440,13.05,780,758
17,007,0001,1255,000,2708,838,360,561,10.7,1488,1449
17,007,0001,126A,000,3232,985,522,736,11.47,1794,1755
17,007,0001,1274,000,2305,651,391,517,11.72,1162,1118
17,007,0001,1289,000,2480,782,460,592,11.47,1277,1248
17,007,0001,1293,000,2566,756,336,483,10.7,1326,1276
17,007,0001,1306,000,2161,623,283,397,10.67,1123,1088
17,007,0001,1310,000,3368,899,275,530,9.12,1817,1749
17,007,0001,1325,000,3700,954,292,604,9.35,1966,1914
17,007,0001,133A,000,2691,755,223,484,9.54,1379,1343
17,007,0001,1344,000,1762,545,261,395,11.01,1010,987
17,007,0001,1359,000,1794,522,215,348,10.79,1109,1096
17,007,0001,1363,000,1432,361,122,221,9.1,768,744
17,007,0001,1378,000,5424,1535,535,993,10.13,2723,2666
17,007,0001,1382,000,9,5,5,5,12.56,7,7
17,007,0001,1397,000,2336,632,299,400,9.57,1305,1268
17,007,0001,140A,000,7129,2100,1045,1584,11.66,3676,3579
17,007,0001,1414,000,5425,1718,882,1365,11.63,2905,2824
17,007,0001,1429,000,2240,665,431,535,12.39,1194,1161
17,007,0001,1433,000,1537,523,256,405,12.24,910,897
17,007,0001,1448,000,3972,1175,436,778,10.75,2164,2123
17,007,0001,1452,000,4639,1009,129,409,7.51,2378,2355
17,007,0001,1467,000,91,35,34,35,15.15,49,48
17,007,0001,1471,000,265,70,39,38,11.08,147,144
17,007,0001,1486,000,191,53,39,46,11.97,104,100
17,007,0001,1490,000,35,12,10,11,12.64,21,21
17,007,0001,1503,000,2975,858,419,556,10.57,1556,1501
17,007,0001,1518,000,2182,628,520,576,13.35,971,944
17,007,0001,1556,000,4508,1288,633,842,10.62,2502,2408
17,007,0001,1560,000,5120,1428,836,1062,11.17,2829,2752
17,007,0001,1607,000,399,103,46,45,8.54,220,218
17,007,0075,0000,000,3641,923,368,526,9.57,1965,1896
17,007,0075,1611,000,3641,923,368,526,9.57,1965,1896
17,007,0094,0000,000,2697,694,306,424,9.37,1440,1392
17,007,0094,0100,000,1115,292,132,174,9.42,622,597
17,007,0094,0115,000,1582,402,174,250,9.33,818,795
17,007,0125,0000,000,9522,3292,2409,2891,13.52,5300,5171
17,007,0125,1522,000,1673,628,446,563,13.96,958,939
17,007,0125,1537,000,1676,598,429,536,13.8,932,903
17,007,0125,1541,000,1636,591,425,517,13.99,1004,987
17,007,0125,1575,000,178,91,84,87,15.09,116,115
17,007,0125,158A,000,2135,734,653,694,14.69,1054,1032
17,007,0125,1594,000,2224,650,372,494,11.35,1236,1195
17,008,0000,0000,000,107053,31160,13871,19106,10.12,56063,54470
17,008,0001,0000,000,64084,18001,7033,10158,9.66,33281,32316
17,008,0001,0019,000,0,*,0,0,0.00,0,0
17,008,0001,0038,000,4664,1272,374,680,9.3,2370,2325
17,008,0001,0112,000,3048,803,223,389,8.59,1596,1533
17,008,0001,0131,000,8597,2764,1805,2051,12.05,4388,4280
17,008,0001,0146,000,5502,1531,624,891,9.66,2847,2751
17,008,0001,0150,000,2201,551,141,248,8.38,1121,1083
17,008,0001,0165,000,2039,507,166,198,8.41,1052,1019
17,008,0001,0184,000,3394,875,213,417,8.32,1823,1767
17,008,0001,0201,000,4480,1249,380,601,9.18,2425,2377
17,008,0001,0235,000,6230,1761,477,867,8.84,3212,3099
17,008,0001,024A,000,3629,934,319,457,8.46,1778,1724
17,008,0001,0254,000,3938,981,320,462,8.38,1986,1951
17,008,0001,0305,000,1202,299,68,144,8.79,657,620
17,008,0001,031A,000,70,20,6,8,7.47,34,34
17,008,0001,0343,000,5558,1669,800,1099,11.06,2885,2825
17,008,0001,0358,000,1550,474,165,295,10.49,881,865
17,008,0001,0362,000,2165,535,160,254,8.51,1123,1088
17,008,0001,0377,000,3279,853,222,411,8.28,1685,1593
17,008,0001,0396,000,45,12,4,9,8.52,18,16
17,008,0001,0409,000,166,42,15,16,7.98,74,74
17,008,0001,0555,000,120,42,33,35,12.87,50,46
17,008,0001,0663,000,158,59,52,50,13.5,86,84
17,008,0001,0678,000,1660,633,363,472,13.24,976,953
17,008,0001,0682,000,113,39,31,30,14.61,66,65
17,008,0001,0697,000,113,34,28,28,13.17,58,56
17,008,0001,070A,000,163,62,44,46,13.53,90,88
17,008,0003,0000,000,3963,1183,368,752,8.81,1977,1951
17,008,0003,0610,000,979,289,90,166,8.56,487,484
17,008,0003,0625,000,1096,301,77,167,8.07,536,526
17,008,0003,063A,000,705,219,88,167,9.58,368,366
17,008,0003,0644,000,887,281,90,179,9.28,446,440
17,008,0003,0659,000,47,19,17,18,14.97,25,25
17,008,0003,0714,000,249,74,6,55,7.78,115,110
17,008,0004,0000,000,5501,1671,783,980,10.32,2773,2690
17,008,0004,017A,000,4912,1452,630,812,9.98,2496,2418
17,008,0004,0273,000,3,2,*,*,*,*,*
17,008,0004,0292,000,5,1,*,*,*,*,*
17,008,0004,0381,000,25,9,4,8,12.11,13,13
17,008,0004,0413,000,357,122,84,91,13.1,166,163
17,008,0004,0428,000,64,21,20,19,13.86,27,27
17,008,0004,0470,000,78,39,26,23,12.97,42,41
17,008,0004,056A,000,48,22,17,22,13.55,21,20
17,008,0004,0574,000,9,3,*,*,13.4,4,4
17,008,0005,0000,000,20950,6377,3857,4773,11.37,11463,11114
17,008,0005,0057,000,2767,997,791,879,13.92,1491,1457
17,008,0005,0061,000,2394,714,381,493,11,1336,1298
17,008,0005,0095,000,2157,686,547,599,13.01,1128,1094
17,008,0005,0216,000,1537,456,300,350,11.65,885,862
17,008,0005,0220,000,3690,1004,364,586,8.86,2084,2014
17,008,0005,0269,000,3079,985,827,878,13.39,1632,1583
17,008,0005,0324,000,2049,601,300,398,10.83,1045,1019
17,008,0005,0339,000,3277,934,347,590,9.05,1862,1787
17,008,0050,0000,000,6717,2222,1090,1512,11.56,3735,3648
17,008,0050,0432,000,852,286,105,170,11.01,474,464
17,008,0050,0447,000,2864,908,435,641,11.67,1601,1570
17,008,0050,0451,000,680,219,74,182,10.66,413,404
17,008,0050,0466,000,380,127,58,98,10.8,229,222
17,008,0050,0485,000,262,94,58,71,12.45,128,128
17,008,0050,049A,000,191,62,41,39,12.75,89,84
17,008,0050,0502,000,790,282,160,160,11.93,423,413
17,008,0050,0517,000,411,139,86,85,11.65,234,226
17,008,0050,0521,000,235,86,56,50,11.98,119,113
17,008,0050,0589,000,20,8,8,7,15.29,11,10
17,008,0050,0593,000,28,9,7,7,15.05,13,13
17,008,0050,0606,000,4,2,*,*,*,*,*
17,009,0000,0000,000,24515,6704,3265,3036,9.79,13254,13031
17,009,0001,0000,000,5347,1369,641,597,9.53,2707,2680
17,009,0001,0035,000,1955,497,234,211,9.54,906,895
17,009,0001,0073,000,3392,872,407,386,9.52,1801,1785
17,009,0017,0000,000,7523,1905,819,820,9.7,4151,4097
17,009,0017,0088,000,750,208,100,113,10.23,430,417
17,009,0017,0092,000,325,82,24,30,8.83,188,188
17,009,0017,0105,000,3700,916,350,343,9.41,1946,1918
17,009,0017,011A,000,2649,675,335,331,10.1,1538,1525
17,009,0017,0124,000,99,24,10,3,8.27,49,49
17,010,0000,0000,000,18402,5135,1876,1935,8.9,9120,8989
17,010,0001,0000,000,5050,1439,589,624,9.64,2411,2376
17,010,0001,0074,000,1002,287,119,114,10.43,492,487
17,010,0001,0093,000,186,52,25,22,8.74,92,91
17,010,0001,0106,000,81,23,12,7,9.45,35,35
17,010,0001,0110,000,402,112,42,50,8.61,174,167
17,010,0001,013A,000,1763,494,163,190,8.7,821,813
17,010,0001,0144,000,1616,471,228,241,10.48,797,783
17,010,0002,0000,000,5854,1622,525,557,8.72,3090,3059
17,010,0002,0021,000,4252,1193,374,432,8.73,2281,2259
17,010,0002,0089,000,272,70,40,30,9.93,132,130
17,010,0002,0125,000,747,198,59,54,8.15,391,386
17,010,0002,0159,000,233,60,26,16,9.28,125,123
17,010,0002,0163,000,336,97,24,23,8.52,153,153
17,010,0002,0178,000,14,4,*,*,10.42,8,8
17,010,0003,0000,000,2812,741,246,342,8.68,1319,1277
17,010,0003,0055,000,2812,741,246,342,8.68,1319,1277
17,011,0000,0000,000,215357,61620,28955,41139,10.52,113477,110518
17,011,0001,0000,000,174629,50336,24371,34867,10.76,92495,90099
17,011,0001,0103,000,0,0,0,0,0.00,0,0
17,011,0001,0122,000,1858,564,422,460,12.28,1050,1024
17,011,0001,0137,000,4844,1335,783,936,10.95,2664,2606
17,011,0001,0156,000,1281,342,152,181,9.51,658,646
17,011,0001,0160,000,4358,1339,878,989,11.78,2394,2311
17,011,0001,0175,000,558,162,80,113,10.94,323,310
17,011,0001,0207,000,4352,1303,811,998,11.85,2215,2162
17,011,0001,0211,000,2443,721,475,575,11.69,1303,1264
17,011,0001,0230,000,1506,513,404,466,13.56,827,801
17,011,0001,0245,000,3974,1040,437,614,9.44,2056,1988
17,011,0001,0315,000,2303,680,299,444,10.32,1279,1256
17,011,0001,032A,000,1995,599,277,430,11.43,1009,988
17,011,0001,0334,000,2529,728,220,487,10.54,1373,1316
17,011,0001,0349,000,2595,788,225,503,10.77,1455,1398
17,011,0001,0368,000,2551,741,325,461,10.02,1287,1243
17,011,0001,0372,000,2254,644,309,411,10.42,1158,1150
17,011,0001,0387,000,5419,1541,726,1154,10.29,2928,2842
17,011,0001,0391,000,9397,2687,1053,1685,9.93,5001,4842
17,011,0001,0404,000,1333,437,139,305,11.46,735,710
17,011,0001,0419,000,977,307,100,200,11.18,535,519
17,011,0001,0423,000,5818,1700,612,1030,10.05,3129,3041
17,011,0001,0438,000,1257,429,151,320,11.6,709,677
17,011,0001,0495,000,1188,389,224,307,12.29,680,654
17,011,0001,0527,000,2267,621,240,375,9.28,1215,1189
17,011,0001,0531,000,3099,881,414,597,10.16,1582,1555
17,011,0001,0550,000,1988,525,259,354,10.67,1023,1008
17,011,0001,0565,000,2337,654,334,444,10.51,1216,1192
17,011,0001,057A,000,2063,559,308,396,10.66,1113,1063
17,011,0001,0584,000,1884,519,262,348,9.93,1029,1015
17,011,0001,0601,000,3241,861,432,590,10.35,1740,1701
17,011,0001,0616,000,1346,372,195,263,10.77,645,642
17,011,0001,0620,000,3641,1153,684,880,12.23,1869,1824
17,011,0001,0635,000,2698,767,295,461,9.68,1435,1398
17,011,0001,064A,000,1958,556,283,396,11.22,1002,977
17,011,0001,0654,000,1992,504,313,379,10.97,1027,1003
17,011,0001,0669,000,2116,633,370,468,11.28,1115,1081
17,011,0001,0673,000,3349,895,499,659,11,1745,1685
17,011,0001,0688,000,4040,1255,866,1019,12.74,2073,2042
17,011,0001,0692,000,4084,1127,359,569,8.73,2179,2126
17,011,0001,0705,000,2707,824,408,635,11.78,1356,1310
17,011,0001,071A,000,2179,700,407,554,12.69,1073,1040
17,011,0001,0724,000,1885,607,310,465,11.97,953,932
17,011,0001,0739,000,1592,453,239,335,11.09,814,790
17,011,0001,0743,000,1592,433,221,326,10.67,840,818
17,011,0001,0758,000,2388,645,306,424,10.21,1323,1303
17,011,0001,0762,000,2664,725,340,506,10.3,1397,1349
17,011,0001,0777,000,2627,718,382,492,11.1,1327,1286
17,011,0001,0781,000,1673,441,195,297,10.36,901,876
17,011,0001,0813,000,2829,723,186,375,8.75,1446,1418
17,011,0001,0828,000,2708,730,218,386,8.77,1470,1457
17,011,0001,0832,000,313,87,27,49,8.81,160,157
17,011,0001,0847,000,7998,2099,735,1246,9.14,4188,4109
17,011,0001,0851,000,540,146,56,94,9.12,272,270
17,011,0001,0955,000,2619,729,417,559,11.44,1284,1251
17,011,0001,096A,000,1332,396,292,349,13,716,698
17,011,0001,0974,000,4482,1227,400,644,8.77,2472,2372
17,011,0001,0989,000,558,162,80,111,10.34,306,299
17,011,0001,1027,000,1428,396,100,215,8.8,706,695
17,011,0001,1065,000,4717,1441,851,1142,12.08,2514,2454
17,011,0001,107A,000,3154,981,499,747,12.15,1771,1736
17,011,0001,1084,000,2129,704,402,576,12.54,1345,1311
17,011,0001,1099,000,1917,588,344,481,11.85,932,914
17,011,0001,1101,000,624,161,56,100,9.46,298,286
17,011,0001,1173,000,5557,1731,911,1285,11.62,2954,2876
17,011,0001,1188,000,2596,696,265,452,9.89,1282,1259
17,011,0001,1192,000,2928,922,509,755,12.48,1619,1584
17,011,0004,0000,000,6006,1731,579,892,9.1,3225,3134
17,011,0004,0071,000,3653,1076,335,590,9.42,2023,1958
17,011,0004,0476,000,2353,655,244,302,8.6,1202,1176
17,011,0005,0000,000,2706,745,294,397,9.13,1348,1312
17,011,0005,0457,000,2706,745,294,397,9.13,1348,1312
17,011,0009,0000,000,16746,4642,1985,2811,9.83,8520,8272
17,011,0009,0067,000,3675,1094,574,734,10.74,1971,1911
17,011,0009,0461,000,1245,361,169,237,10.26,593,575
17,011,0009,0796,000,3361,871,292,450,8.34,1652,1589
17,011,0009,0809,000,2643,685,257,384,9.24,1395,1351
17,011,0009,0866,000,1313,394,177,293,11.52,702,691
17,011,0009,0870,000,857,239,143,158,10.38,409,401
17,011,0009,0885,000,90,25,20,22,10.19,40,40
17,011,0009,0917,000,1462,432,210,311,11.26,764,744
17,011,0009,0921,000,132,39,18,25,10.68,89,88
17,011,0009,0936,000,696,188,31,67,8.19,300,294
17,011,0009,0940,000,231,56,19,29,8.25,121,115
17,011,0009,0993,000,22,5,0,0,5,10,10
17,011,0009,1008,000,243,62,12,22,8.3,87,87
17,011,0009,1012,000,129,38,6,10,8.01,72,71
17,011,0009,1116,000,79,19,11,10,11.71,33,32
17,011,0009,1120,000,81,20,12,13,9.59,37,35
17,011,0009,1135,000,110,29,12,16,9.58,46,43
17,011,0009,114A,000,22,6,*,3,7.88,8,8
17,011,0009,1154,000,4,1,*,*,*,*,*
17,011,0009,1169,000,118,31,10,10,7.95,78,78
17,011,0009,1243,000,145,26,*,10,8.61,71,71
17,011,0009,1258,000,74,17,7,4,8.18,33,29
17,011,0009,1262,000,14,4,*,*,10.77,7,7
17,011,0028,0000,000,7937,2116,769,1100,9.02,4085,3976
17,011,0028,0508,000,2157,558,219,298,9.2,1088,1052
17,011,0028,0512,000,5131,1385,471,701,8.83,2694,2635
17,011,0028,089A,000,340,86,38,54,9.83,162,152
17,011,0028,0902,000,48,17,11,8,11.13,26,25
17,011,0028,1031,000,46,14,3,*,8.76,28,28
17,011,0028,1046,000,78,20,10,13,9.9,28,27
17,011,0028,1050,000,20,7,6,5,9,11,11
17,011,0028,1205,000,37,8,*,5,8.43,18,18
17,011,0028,121A,000,44,13,6,10,10.51,15,13
17,011,0028,1224,000,25,5,*,4,11,8,8
17,011,0028,1239,000,11,3,*,*,10.56,7,7
17,012,0000,0000,000,57682,16963,6763,9257,9.65,28621,27915
17,012,0001,0000,000,17777,5234,2050,3355,10.65,8665,8434
17,012,0001,0045,000,3960,1047,396,663,10.39,1843,1792
17,012,0001,005A,000,3596,1095,370,699,10.54,1747,1704
17,012,0001,0100,000,3262,959,375,600,10.62,1614,1578
17,012,0001,0219,000,1341,427,214,318,12.11,667,651
17,012,0001,0238,000,619,195,69,123,10.78,346,336
17,012,0001,0295,000,666,188,65,107,9.52,340,332
17,012,0001,0365,000,2133,657,281,441,11.1,1097,1070
17,012,0001,037A,000,2094,634,264,383,10.32,948,911
17,012,0001,0702,000,106,32,16,21,10.8,63,60
17,012,0004,0000,000,5015,1446,491,703,8.59,2564,2471
17,012,0004,0204,000,483,143,30,52,6.78,278,270
17,012,0004,0312,000,798,236,77,117,8.32,386,357
17,012,0004,0327,000,85,25,4,8,7.91,46,46
17,012,0004,0384,000,1406,402,167,213,8.98,718,704
17,012,0004,0399,000,2028,582,196,291,8.87,1024,985
17,012,0004,0609,000,186,49,12,17,8.69,94,91
17,012,0004,0666,000,29,9,5,5,7.92,18,18
17,012,0008,0000,000,5748,1599,405,657,7.8,2746,2649
17,012,0008,0346,000,1366,395,70,140,7.45,636,625
17,012,0008,0350,000,845,246,51,72,7.24,429,421
17,012,0008,0401,000,1552,450,119,195,7.83,741,699
17,012,0008,0416,000,1088,292,86,127,7.94,524,492
17,012,0008,0539,000,40,11,5,3,6.83,17,17
17,012,0008,0543,000,441,102,29,54,8.81,197,195
17,012,0008,0562,000,137,36,16,22,9.25,64,63
17,012,0008,0581,000,272,65,28,43,8.4,135,134
17,012,0008,0596,000,7,2,*,*,*,*,*
17,012,0011,0000,000,6500,1933,690,843,8.55,3167,3104
17,012,0011,0242,000,46,14,5,7,7.94,25,25
17,012,0011,0257,000,1182,332,115,129,8.1,556,547
17,012,0011,0261,000,793,223,85,108,8.39,407,407
17,012,0011,0276,000,703,215,71,91,8.52,324,317
17,012,0011,0280,000,1093,314,103,87,7.5,516,501
17,012,0011,0420,000,1070,337,152,192,10.06,518,510
17,012,0011,0435,000,1536,475,153,222,8.59,786,762
17,012,0011,0632,000,37,11,5,5,8.64,15,15
17,012,0011,0670,000,37,11,*,*,8.12,18,18
17,012,0011,0755,000,3,1,*,*,*,*,*
17,012,0012,0000,000,3266,963,400,464,9.25,1790,1765
17,012,0012,0153,000,238,74,39,37,9.3,165,165
17,012,0012,044A,000,154,47,24,15,8.64,105,105
17,012,0012,0454,000,111,30,15,18,7.64,59,58
17,012,0012,0469,000,419,130,55,57,9.81,221,217
17,012,0012,0473,000,160,51,17,14,8.05,87,85
17,012,0012,0488,000,1512,425,158,222,9.41,793,780
17,012,0012,0492,000,88,26,11,13,9.29,54,54
17,012,0012,0577,000,556,170,77,87,9.23,288,283
17,012,0012,0717,000,18,5,*,*,9.21,10,10
17,012,0012,0736,000,10,5,*,0,8.8,8,8
17,012,0013,0000,000,5787,1660,692,1032,9.65,2880,2823
17,012,0013,0083,000,3753,1061,439,619,9.55,1829,1800
17,012,0013,0524,000,878,250,82,147,8.45,443,430
17,012,0013,0558,000,41,15,8,10,11.73,26,26
17,012,0013,0613,000,109,27,12,14,8.76,59,58
17,012,0013,0628,000,325,81,23,30,7.56,163,159
17,012,0013,0685,000,633,210,123,207,12.88,331,322
17,012,0013,0721,000,48,16,5,5,9.29,29,28
17,012,0018,0000,000,3244,1032,623,748,12.12,1552,1495
17,012,0018,012A,000,1396,450,274,328,12.12,631,611
17,012,0018,0308,000,364,109,50,55,9.07,204,198
17,012,0018,0505,000,710,227,141,177,12.96,334,318
17,012,0018,051A,000,774,246,158,188,12.63,383,368
17,013,0000,0000,000,16694,4488,1724,1522,8.98,8023,7837
17,013,0001,0000,000,8474,2362,1057,1116,10.37,4224,4122
17,013,0001,0076,000,1938,535,265,245,10.18,948,926
17,013,0001,0080,000,361,101,43,52,10.77,179,174
17,013,0001,0095,000,130,28,14,11,10.66,53,49
17,013,0001,0108,000,273,74,34,34,10.04,111,111
17,013,0001,0112,000,292,93,40,36,10.3,134,128
17,013,0001,0127,000,182,50,14,24,9.32,115,115
17,013,0001,0146,000,2691,773,324,356,10.5,1380,1345
17,013,0001,0150,000,1836,511,213,242,10.52,931,915
17,013,0001,0165,000,536,139,76,82,9.97,256,248
17,013,0001,017A,000,235,58,34,34,10.56,117,111
17,013,0001,0216,000,0,*,0,0,0.00,0,0
17,013,0002,0000,000,2649,697,176,117,6.97,1246,1220
17,013,0002,0019,000,2649,697,176,117,6.97,1246,1220
17,013,0006,0000,000,4278,1034,339,211,7.3,1913,1863
17,013,0006,0131,000,4242,1023,336,208,7.3,1897,1847
17,013,0006,0201,000,18,5,*,0,6.82,7,7
17,013,0006,0220,000,18,6,*,3,7,9,9
17,014,0000,0000,000,9653,2902,1139,1315,9.06,4165,3975
17,014,0001,0000,000,4178,1262,492,681,9.89,1941,1853
17,014,0001,004A,000,958,255,87,98,8.09,459,437
17,014,0001,0069,000,1131,350,165,225,11.42,515,495
17,014,0001,0073,000,1503,478,163,240,9.23,733,699
17,014,0001,0105,000,567,174,76,116,11.2,221,209
17,014,0001,011A,000,19,5,*,*,9.36,13,13
17,015,0000,0000,000,15802,4591,1769,2132,8.77,7765,7562
17,015,0001,0000,000,7466,2098,852,1248,9.54,3806,3741
17,015,0001,0140,000,735,117,50,68,9.52,475,471
17,015,0001,0155,000,2820,849,366,507,9.7,1368,1339
17,015,0001,016A,000,3712,1078,410,640,9.47,1871,1841
17,015,0001,0174,000,147,42,22,26,8.96,67,65
17,015,0001,0189,000,52,12,4,7,7.7,25,25
17,016,0000,0000,000,19219,4991,1753,1432,8.59,9685,9592
17,016,0001,0000,000,5373,1414,596,612,9.44,2797,2767
17,016,0001,0025,000,2769,743,338,336,9.85,1495,1483
17,016,0001,0059,000,1548,391,137,156,8.37,737,732
17,016,0001,0063,000,259,62,29,27,9.93,127,126
17,016,0001,0078,000,438,116,48,53,9.93,253,247
17,016,0001,0082,000,171,50,20,12,9.12,86,85
17,016,0001,0097,000,188,52,24,28,9.99,99,94
17,016,0005,0000,000,4281,1157,346,228,8.15,2028,1994
17,016,0005,003A,000,3011,819,242,166,8.29,1473,1453
17,016,0005,010A,000,265,77,25,20,8.31,109,101
17,016,0005,0114,000,257,65,27,9,7.98,124,123
17,016,0005,0129,000,452,125,36,24,7.7,182,180
17,016,0005,0133,000,296,71,16,9,7.36,140,137
17,016,0006,0000,000,2942,711,277,175,8.49,1361,1354
17,016,0006,0044,000,2942,711,277,175,8.49,1361,1354
17,017,0000,0000,000,40018,11307,3916,5321,9.13,19489,19050
17,017,0001,0000,000,20434,5797,2013,3232,9.92,10152,9893
17,017,0001,0041,000,3138,923,334,573,10.63,1566,1527
17,017,0001,0056,000,3022,867,302,499,10.16,1441,1402
17,017,0001,0179,000,885,253,101,147,9.98,431,417
17,017,0001,0183,000,1195,333,119,175,8.97,583,558
17,017,0001,0198,000,2684,737,239,407,9.64,1348,1326
17,017,0001,0200,000,1791,551,165,302,9.76,961,947
17,017,0001,0357,000,1521,418,146,235,10.01,748,728
17,017,0001,0361,000,1089,317,121,198,10.5,601,587
17,017,0001,0376,000,1619,466,142,220,9.86,788,768
17,017,0001,0380,000,1471,405,134,217,9.38,725,705
17,017,0001,0412,000,70,22,7,12,10.17,29,29
17,017,0001,0427,000,62,23,11,13,10.57,37,37
17,017,0001,0431,000,129,32,6,12,9.2,57,53
17,017,0001,0446,000,175,48,32,29,11.22,88,86
17,017,0001,0450,000,46,11,6,6,10.39,19,19
17,017,0001,047A,000,22,6,*,*,10.5,10,10
17,017,0001,0484,000,51,13,0,5,7.15,21,20
17,017,0001,0499,000,36,7,3,*,10.36,20,18
17,017,0001,0501,000,194,46,24,28,9.78,105,104
17,017,0001,0516,000,424,111,49,52,9.14,198,197
17,017,0001,0554,000,45,12,5,11,12.17,23,23
17,017,0001,0569,000,524,124,40,47,8.48,237,222
17,017,0001,0573,000,241,72,26,40,9.69,116,110
17,017,0007,0000,000,4932,1470,563,729,7.75,2247,2205
17,017,0007,0215,000,740,207,78,102,7.92,294,292
17,017,0007,022A,000,416,121,39,58,7.36,182,180
17,017,0007,0323,000,188,43,7,20,6.53,71,68
17,017,0007,0338,000,420,118,33,49,7.3,179,177
17,017,0007,0342,000,371,98,26,38,6.94,174,171
17,017,0007,0395,000,1342,397,137,179,7.33,599,586
17,017,0007,0408,000,1440,481,241,283,8.58,740,723
17,017,0007,0535,000,15,5,*,0,7,8,8
17,017,0008,0000,000,4411,1280,522,628,9.57,2303,2283
17,017,0008,0272,000,291,90,42,44,9.44,168,168
17,017,0008,0287,000,756,214,79,103,9.29,407,405
17,017,0008,0291,000,824,238,89,129,9.95,399,397
17,017,0008,0304,000,1812,508,211,255,9.76,943,930
17,017,0008,0319,000,706,223,100,96,9,373,370
17,017,0008,0465,000,2,1,*,*,*,*,*
17,017,0008,054A,000,20,6,*,*,8.41,12,12
17,018,0000,0000,000,122263,34720,12482,17726,9.19,63365,61971
17,018,0001,0000,000,104461,29667,10691,15720,9.31,54338,53122
17,018,0001,002A,000,1670,531,219,328,10.78,920,899
17,018,0001,0068,000,1074,311,117,176,9.5,544,537
17,018,0001,0142,000,1750,558,299,410,11.22,971,944
17,018,0001,0176,000,1139,368,233,284,12.16,654,640
17,018,0001,0208,000,3742,1062,456,633,9.75,1943,1890
17,018,0001,0231,000,2107,578,165,320,9.25,1165,1143
17,018,0001,0246,000,1845,499,180,266,9.54,1036,1016
17,018,0001,0250,000,2749,765,271,378,9.24,1493,1460
17,018,0001,0265,000,2189,647,224,328,9.27,1133,1112
17,018,0001,027A,000,2607,714,201,330,8.69,1347,1328
17,018,0001,0284,000,1387,355,110,158,8.63,669,643
17,018,0001,0299,000,1062,272,79,124,8.59,552,534
17,018,0001,0301,000,947,259,76,120,8.62,475,462
17,018,0001,0316,000,1321,358,120,166,8.54,666,640
17,018,0001,0458,000,4252,1341,734,895,11.32,2367,2310
17,018,0001,0462,000,1105,311,102,143,8.72,583,574
17,018,0001,0496,000,3345,1079,359,590,10.19,1807,1758
17,018,0001,0509,000,2677,810,249,339,9.2,1448,1403
17,018,0001,0513,000,1323,390,171,242,9.91,689,647
17,018,0001,0528,000,1064,303,153,213,10.74,548,532
17,018,0001,0532,000,3240,878,311,544,9.4,1622,1585
17,018,0001,0547,000,3083,906,346,490,9.74,1630,1575
17,018,0001,0551,000,4057,1067,327,544,8.6,2032,1998
17,018,0001,0570,000,1857,518,148,210,8.22,924,907
17,018,0001,0585,000,3911,1015,320,493,8.3,2087,2036
17,018,0001,059A,000,2654,701,209,315,8.44,1360,1335
17,018,0001,0602,000,2134,621,185,268,8.85,1118,1086
17,018,0001,0617,000,2288,599,158,264,8.25,1145,1127
17,018,0001,0621,000,1971,615,193,293,9.01,962,942
17,018,0001,0636,000,2973,804,274,416,8.98,1414,1382
17,018,0001,0640,000,2672,704,227,345,8.46,1308,1260
17,018,0001,0655,000,3411,965,286,468,8.95,1816,1765
17,018,0001,066A,000,2938,759,203,354,8.24,1491,1468
17,018,0001,0689,000,2450,640,196,337,8.1,1240,1222
17,018,0001,0693,000,1844,518,144,204,8.81,964,954
17,018,0001,0706,000,773,238,106,118,9.28,406,405
17,018,0001,0710,000,172,45,15,22,8.07,116,114
17,018,0001,0725,000,1477,373,97,142,7.25,756,738
17,018,0001,073A,000,848,222,68,93,7.76,427,418
17,018,0001,0744,000,1602,462,170,226,8.98,814,801
17,018,0001,0759,000,941,263,50,123,7.76,501,496
17,018,0001,0763,000,2137,612,273,397,10.33,1190,1170
17,018,0001,0778,000,2324,674,286,393,9.9,1176,1155
17,018,0001,0782,000,879,239,77,109,8.54,455,447
17,018,0001,0797,000,1018,264,87,120,8.16,494,485
17,018,0001,080A,000,2677,699,219,317,8.58,1392,1359
17,018,0001,0814,000,2030,529,137,238,8.24,1049,1027
17,018,0001,0833,000,96,27,7,17,8.57,41,41
17,018,0001,0848,000,134,36,11,11,9.13,66,66
17,018,0001,0852,000,356,110,42,56,10.45,175,169
17,018,0001,0867,000,368,89,41,36,7.83,147,145
17,018,0001,0871,000,64,17,6,*,8.81,38,37
17,018,0001,0886,000,361,130,78,92,11.77,172,162
17,018,0001,0890,000,191,65,38,47,12.4,99,98
17,018,0001,0903,000,592,206,94,151,11.78,328,325
17,018,0001,0918,000,471,152,60,100,11.27,237,237
17,018,0001,0922,000,101,31,24,27,13.18,54,53
17,018,0001,0937,000,203,66,23,39,10.5,107,107
17,018,0001,0941,000,497,163,80,99,11.52,249,248
17,018,0001,0956,000,765,271,118,159,11.25,415,407
17,018,0001,0960,000,185,62,39,54,12.81,94,94
17,018,0001,0975,000,562,193,76,113,10.74,304,302
17,018,0001,098A,000,120,41,21,25,11.59,59,59
17,018,0001,0994,000,247,84,42,60,10.86,115,113
17,018,0001,1009,000,174,60,22,43,11.13,85,84
17,018,0001,1013,000,214,69,33,53,11.34,114,111
17,018,0001,1028,000,132,45,26,33,12.48,65,63
17,018,0001,1032,000,218,73,50,52,12.74,113,113
17,018,0001,1047,000,89,36,24,29,13,51,51
17,018,0001,1051,000,217,77,28,46,10.78,124,124
17,018,0001,1066,000,125,42,35,37,13.91,60,59
17,018,0001,1070,000,20,6,3,5,13.17,9,8
17,018,0001,1085,000,88,23,11,16,9.08,42,41
17,018,0001,109A,000,155,52,29,32,12.47,76,76
17,018,0004,0000,000,4001,1030,167,226,6.81,2009,1985
17,018,0004,0829,000,4001,1030,167,226,6.81,2009,1985
17,019,0000,0000,000,28122,7788,2476,2290,8.4,14041,13829
17,019,0001,0000,000,13403,3583,1014,1117,8.91,6887,6800
17,019,0001,0120,000,486,125,46,43,8.79,249,247
17,019,0001,0135,000,674,180,52,33,8.49,314,307
17,019,0001,014A,000,1107,293,57,51,7.93,512,498
17,019,0001,0192,000,3617,1002,260,322,8.91,1907,1881
17,019,0001,0205,000,3322,842,232,263,8.77,1767,1753
17,019,0001,021A,000,2145,591,209,220,9.43,1072,1063
17,019,0001,0224,000,2052,550,158,185,9.21,1066,1051
17,019,0002,0000,000,3539,1005,316,372,9.55,1848,1805
17,019,0002,0239,000,1362,388,140,152,9.75,696,677
17,019,0002,0243,000,2177,617,176,220,9.43,1152,1128
17,019,0005,0000,000,3495,1012,391,326,6.76,1625,1612
17,019,0005,0065,000,2364,702,266,203,6.68,1084,1075
17,019,0005,0154,000,540,147,62,57,7.07,241,239
17,019,0005,0169,000,186,55,18,12,6.83,80,80
17,019,0005,0173,000,405,108,45,54,6.83,220,218
17,020,0000,0000,000,54987,15585,6752,9165,9.94,30288,29738
17,020,0001,0000,000,14719,4457,2029,3091,11.27,8685,8571
17,020,0001,0028,000,3816,1132,442,805,11.19,2242,2212
17,020,0001,0066,000,3859,1198,580,863,11.76,2241,2209
17,020,0001,009A,000,1139,372,204,272,11.65,727,718
17,020,0001,0102,000,1672,480,223,328,10.91,968,960
17,020,0001,0140,000,1007,328,135,210,10.77,632,626
17,020,0001,016A,000,774,218,72,120,9.96,444,438
17,020,0001,0174,000,1437,439,219,292,11.38,863,846
17,020,0001,0259,000,951,265,137,179,10.86,532,527
17,020,0001,0263,000,64,25,17,22,13.41,36,35
17,020,0006,0000,000,5552,1409,548,572,8.32,3069,3022
17,020,0006,0051,000,3314,852,302,370,8.44,1847,1821
17,020,0006,0121,000,1296,328,132,119,8.15,718,715
17,020,0006,0136,000,641,156,73,55,7.93,357,350
17,020,0006,0210,000,301,73,41,28,8.57,147,136
17,020,0085,0000,000,3578,938,459,593,9.52,1832,1771
17,020,0085,0085,000,3578,938,459,593,9.52,1832,1771
17,020,0099,0000,000,4321,1123,546,686,9.43,2209,2138
17,020,0099,0085,000,4321,1123,546,686,9.43,2209,2138
17,020,0102,0000,000,2772,931,406,664,11.4,1504,1476
17,020,0102,0244,000,2772,931,406,664,11.4,1504,1476
17,021,0000,0000,000,7617,2387,836,863,9.1,3637,3501
17,021,0001,0000,000,4781,1528,534,641,9.65,2348,2277
17,021,0001,0044,000,654,200,55,41,8.17,316,308
17,021,0001,0059,000,613,201,45,62,8.74,311,295
17,021,0001,0063,000,180,55,23,32,9.45,93,88
17,021,0001,0078,000,1424,448,178,215,9.59,703,683
17,021,0001,0082,000,1626,521,213,265,10.82,789,773
17,021,0001,0097,000,49,18,5,6,8.06,27,27
17,021,0001,010A,000,84,31,7,13,10.06,38,36
17,021,0001,0114,000,62,19,*,3,7.41,33,30
17,021,0001,0129,000,89,35,6,4,6.89,38,37
17,022,0000,0000,000,14853,3802,1440,1109,8.66,7227,7184
17,022,0001,0000,000,12162,3129,1280,982,8.89,6067,6034
17,022,0001,0075,000,370,88,29,8,8.26,173,173
17,022,0001,008A,000,1396,355,117,80,8.65,613,604
17,022,0001,0094,000,831,219,82,51,8.53,357,355
17,022,0001,0107,000,339,97,44,26,9.64,209,209
17,022,0001,0111,000,753,196,85,50,8.83,416,415
17,022,0001,0183,000,5664,1422,577,480,8.65,2666,2652
17,022,0001,0198,000,2809,752,346,287,9.57,1633,1626
17,023,0000,0000,000,7943,2051,1076,502,8.48,4040,4016
17,023,0001,0000,000,4383,1110,629,275,8.33,2152,2146
17,023,0001,0068,000,806,198,116,38,8.65,417,415
17,023,0001,0072,000,765,191,104,41,8.01,383,381
17,023,0001,0087,000,1423,368,207,93,8.53,711,710
17,023,0001,0091,000,1389,353,202,103,8.12,641,640
17,024,0000,0000,000,52399,15162,5489,7296,8.96,25999,25558
17,024,0001,0000,000,10779,3189,1130,1629,9.42,5237,5143
17,024,0001,021A,000,72,22,18,17,10.72,34,34
17,024,0001,0224,000,6,3,*,*,7.6,5,5
17,024,0001,0239,000,200,59,26,32,9.2,93,93
17,024,0001,0277,000,1865,562,218,319,10.4,874,856
17,024,0001,0281,000,2952,850,272,404,9.02,1383,1356
17,024,0001,0296,000,2382,703,193,272,8.38,1182,1156
17,024,0001,0309,000,2525,741,295,433,9.65,1263,1242
17,024,0001,0402,000,573,184,76,127,11.22,299,297
17,024,0001,0440,000,19,7,*,*,7,9,9
17,024,0001,0455,000,47,13,4,4,7.31,21,21
17,024,0001,046A,000,49,14,8,9,11.21,27,27
17,024,0001,0510,000,89,31,17,9,9.9,47,47
17,024,0007,0000,000,3729,1074,329,520,8.88,1759,1725
17,024,0007,0366,000,3387,978,305,477,8.92,1591,1562
17,024,0007,0506,000,341,95,23,43,8.47,167,162
17,024,0007,0525,000,1,1,*,*,*,*,*
17,024,0012,0000,000,3606,1076,401,574,9.11,1922,1888
17,024,0012,0050,000,1651,495,194,312,9.62,923,908
17,024,0012,0099,000,986,288,101,142,8.99,529,520
17,024,0012,0101,000,220,65,12,15,6.65,128,125
17,024,0012,0116,000,559,166,63,62,8.49,258,252
17,024,0012,0120,000,55,19,12,19,9.73,28,27
17,024,0012,0258,000,13,8,4,8,9.77,6,6
17,024,0012,0351,000,4,1,*,*,*,*,*
17,024,0012,0474,000,31,10,*,7,7.81,15,15
17,024,0012,0489,000,25,6,*,*,7.47,8,8
17,024,0012,0493,000,62,18,11,6,10.14,26,26
17,024,0013,0000,000,17186,4923,1848,2688,9.19,9070,8986
17,024,0013,0065,000,3217,996,429,567,9.59,1534,1507
17,024,0013,0173,000,2042,576,236,328,9.22,1059,1055
17,024,0013,0188,000,2319,658,231,376,9.34,1428,1426
17,024,0013,0192,000,1482,403,137,214,8.95,762,742
17,024,0013,0243,000,1340,363,96,174,8.7,704,698
17,024,0013,0313,000,1181,357,164,219,9.25,660,660
17,024,0013,0328,000,1740,495,197,266,8.57,913,911
17,024,0013,0417,000,76,19,3,8,8.37,32,32
17,024,0013,0421,000,2216,618,216,312,9.5,1182,1172
17,024,0013,0436,000,1549,433,136,221,8.89,785,772
17,024,0013,053A,000,24,5,3,3,9.65,11,11
17,025,0000,0000,000,33789,10113,3700,4582,8.97,16737,16370
17,025,0001,0000,000,18342,5469,2107,3120,9.79,9097,8824
17,025,0001,0039,000,4457,1428,636,902,10.78,2270,2183
17,025,0001,0043,000,4306,1263,468,746,9.72,2091,2033
17,025,0001,0166,000,928,289,100,146,9.04,464,452
17,025,0001,0170,000,289,102,79,81,13.02,134,132
17,025,0001,0185,000,313,84,24,43,7.93,163,163
17,025,0001,0202,000,3722,1060,320,538,8.89,1761,1698
17,025,0001,0217,000,2909,874,354,485,10.06,1525,1490
17,025,0001,0240,000,92,29,14,13,10.59,48,47
17,025,0001,0255,000,160,41,19,25,8.84,84,82
17,025,0001,026A,000,454,125,48,54,8.53,230,224
17,025,0001,0274,000,373,87,25,43,8.44,166,164
17,025,0001,0289,000,262,65,13,33,7.21,123,121
17,025,0001,0293,000,0,0,0,0,0.00,0,0
17,025,0001,0306,000,10,3,*,*,10.89,5,4
17,025,0001,0310,000,67,19,5,9,9.96,33,31
17,026,0000,0000,000,19408,5085,2040,2018,9.3,10308,10206
17,026,0001,0000,000,8374,2168,899,1072,10.08,4672,4626
17,026,0001,0040,000,1835,469,208,288,10.24,961,951
17,026,0001,0055,000,2177,536,208,252,10.04,1312,1300
17,026,0001,006A,000,1951,522,193,250,10.26,1116,1108
17,026,0001,0074,000,427,119,50,55,10.1,222,220
17,026,0001,0089,000,604,150,68,81,10.24,296,293
17,026,0001,0093,000,253,65,31,22,9.26,149,146
17,026,0001,0106,000,1127,307,141,124,9.64,616,608
17,027,0000,0000,000,12750,3593,1272,917,8.63,6619,6553
17,027,0001,0000,000,6798,1924,603,532,8.79,3452,3407
17,027,0001,0029,000,3031,851,288,254,8.95,1583,1570
17,027,0001,0048,000,913,264,107,83,9.21,471,469
17,027,0001,0052,000,1546,434,110,107,8.49,756,740
17,027,0001,0067,000,1308,375,98,88,8.46,642,628
17,027,0005,0000,000,2673,737,292,215,8.54,1452,1444
17,027,0005,0033,000,2673,737,292,215,8.54,1452,1444
17,028,0000,0000,000,73539,19669,7465,9708,9.15,38704,37907
17,028,0001,0000,000,21862,6186,2413,3577,9.52,11221,10943
17,028,0001,0045,000,2836,909,446,618,11.16,1494,1443
17,028,0001,0187,000,2662,678,205,343,8.37,1448,1418
17,028,0001,0242,000,1915,577,262,420,10.63,1027,999
17,028,0001,0257,000,2218,629,248,408,9.5,1139,1121
17,028,0001,0327,000,2021,531,138,269,8.26,981,956
17,028,0001,0346,000,2725,706,239,304,8.51,1346,1322
17,028,0001,0350,000,1600,433,137,199,8.99,821,804
17,028,0001,0365,000,1200,345,122,184,9.34,635,622
17,028,0001,0420,000,91,24,11,13,8.5,45,45
17,028,0001,0435,000,82,21,8,12,9.44,42,41
17,028,0001,044A,000,74,24,6,17,11.16,50,48
17,028,0001,0488,000,21,6,*,*,10.56,11,11
17,028,0001,051A,000,4,2,*,*,*,*,*
17,028,0001,0524,000,369,108,48,60,9.8,200,196
17,028,0001,0539,000,246,67,35,50,10.25,131,126
17,028,0001,0543,000,38,12,3,6,8.61,25,25
17,028,0001,0558,000,1291,370,106,175,8.59,669,644
17,028,0001,0562,000,1132,278,82,123,8.25,529,513
17,028,0001,0651,000,145,31,12,17,8.75,79,76
17,028,0001,0666,000,105,34,30,30,12.02,36,36
17,028,0001,0670,000,294,107,75,94,13.13,147,140
17,028,0001,069A,000,741,275,189,217,13.21,343,335
17,028,0001,0717,000,27,8,0,5,9.61,16,15
17,028,0001,0721,000,25,11,9,11,14.33,6,6
17,028,0002,0000,000,8148,2082,547,845,9.07,4304,4201
17,028,0002,0026,000,2763,700,174,275,9.48,1477,1436
17,028,0002,0083,000,2065,518,147,235,8.9,1051,1022
17,028,0002,0098,000,1202,314,80,104,8.91,653,642
17,028,0002,0276,000,1673,434,118,197,8.85,857,837
17,028,0002,0454,000,230,56,18,12,8.44,137,137
17,028,0002,0492,000,102,28,5,12,7.65,66,65
17,028,0002,0577,000,24,8,*,0,6.19,15,15
17,028,0002,0581,000,15,3,*,3,13.1,8,8
17,028,0002,0685,000,74,21,*,7,9.17,40,39
17,028,0003,0000,000,4594,1139,367,285,7.8,2444,2423
17,028,0003,0473,000,4533,1113,352,268,7.74,2413,2392
17,028,0003,0702,000,61,26,15,17,11.74,31,31
17,028,0006,0000,000,7622,2095,862,1169,9.42,4018,3926
17,028,0006,037A,000,3678,1047,430,612,9.48,1972,1926
17,028,0006,0384,000,3215,875,372,457,9.62,1673,1638
17,028,0006,0505,000,729,173,60,100,8.25,373,362
17,028,0030,0000,000,11805,3097,957,1454,8.43,6021,5901
17,028,0030,012A,000,406,108,40,56,9.16,221,220
17,028,0030,0134,000,583,150,56,78,8.89,305,302
17,028,0030,0149,000,96,31,10,13,8.11,57,55
17,028,0030,0153,000,906,223,65,119,8.59,458,444
17,028,0030,0168,000,729,183,59,97,9,353,345
17,028,0030,0172,000,673,179,40,93,8.81,360,354
17,028,0030,0204,000,849,227,65,120,8.67,444,440
17,028,0030,0219,000,693,197,45,103,8.32,354,349
17,028,0030,0223,000,755,201,82,97,8.93,376,372
17,028,0030,0238,000,202,57,25,39,9.44,107,107
17,028,0030,0280,000,607,159,43,87,8.47,287,283
17,028,0030,0399,000,1665,415,129,184,8.15,887,878
17,028,0030,0416,000,551,139,35,49,7.58,256,248
17,028,0030,0469,000,135,40,15,20,7.31,83,83
17,028,0030,0596,000,69,20,6,6,6.82,40,40
17,028,0030,0609,000,182,46,12,22,7.74,91,91
17,028,0030,0613,000,1649,424,134,163,8.02,812,785
17,028,0030,0628,000,1055,298,96,108,8.29,530,505
17,028,0104,0000,000,3409,1095,657,754,11.61,1870,1842
17,028,0104,0011,000,875,299,191,227,12.09,438,430
17,028,0104,0030,000,16,6,4,6,13.67,4,4
17,028,0104,0079,000,111,40,34,34,13.43,44,44
17,028,0104,0115,000,1069,358,189,220,11.38,583,573
17,028,0104,0736,000,1338,392,239,267,11.32,801,791
17,029,0000,0000,000,105780,30552,11585,14269,9.35,55086,54118
17,029,0001,0000,000,44353,12877,4782,6485,9.77,23255,22886
17,029,0001,0023,000,4357,1202,476,605,9.78,2257,2204
17,029,0001,0150,000,3917,1148,489,568,9.7,2064,2042
17,029,0001,0165,000,2945,899,378,536,10.73,1444,1423
17,029,0001,017A,000,2073,589,193,248,8.93,1070,1066
17,029,0001,0254,000,1154,297,111,122,8.49,615,606
17,029,0001,0288,000,777,201,78,84,8.49,406,397
17,029,0001,0292,000,317,93,47,60,11.09,158,157
17,029,0001,0305,000,3467,988,334,447,9.03,1834,1803
17,029,0001,031A,000,524,143,45,25,7.91,278,276
17,029,0001,0339,000,1134,323,144,180,10.22,627,622
17,029,0001,0470,000,1069,344,160,199,11.19,561,546
17,029,0001,0485,000,2529,770,306,443,10.8,1398,1380
17,029,0001,049A,000,2946,886,278,432,10.05,1472,1441
17,029,0001,0502,000,4591,1380,636,809,10.47,2461,2415
17,029,0001,0517,000,1074,309,57,99,8.57,571,566
17,029,0001,0521,000,1790,508,110,208,8.87,959,946
17,029,0001,063A,000,3147,838,264,424,9.18,1660,1654
17,029,0001,0659,000,1087,302,80,138,9.81,592,583
17,029,0001,0663,000,2675,860,333,498,10.95,1427,1389
17,029,0001,070A,000,715,198,61,60,8.08,370,369
17,029,0001,0714,000,1021,299,97,167,8.34,488,477
17,029,0001,0729,000,808,227,74,84,8.79,420,403
17,029,0001,088A,000,0,*,0,0,0.00,0,0
17,029,0001,0911,000,47,12,4,5,10.24,27,26
17,029,0001,0945,000,34,7,0,4,8.12,19,18
17,029,0001,095A,000,13,6,*,5,10.54,7,7
17,029,0001,0979,000,105,39,21,33,11.82,52,52
17,029,0001,0983,000,37,9,4,*,6.81,18,18
17,029,0003,0000,000,5736,1769,646,1005,10.17,3070,3041
17,029,0003,0451,000,1754,510,202,286,10.03,938,932
17,029,0003,0466,000,1305,390,109,168,8.82,664,658
17,029,0003,0678,000,886,300,113,214,11.45,452,445
17,029,0003,0682,000,1047,339,142,225,11.38,592,588
17,029,0003,0733,000,583,167,42,67,8.73,342,338
17,029,0003,0926,000,33,10,4,3,8,18,18
17,029,0003,1017,000,59,24,14,18,13.85,28,28
17,029,0003,1021,000,69,29,20,24,14.05,36,34
17,029,0005,0000,000,10178,2946,1201,1540,9.3,5408,5329
17,029,0005,0199,000,1558,444,189,225,9.63,783,764
17,029,0005,0201,000,4208,1234,469,664,9.52,2341,2308
17,029,0005,0216,000,1613,498,210,271,9.61,856,850
17,029,0005,0803,000,149,46,16,17,9.31,77,76
17,029,0005,0818,000,267,74,35,66,9.55,117,115
17,029,0005,0837,000,123,36,15,16,7.99,62,62
17,029,0005,0841,000,827,241,114,114,9.14,426,417
17,029,0005,0856,000,1433,373,153,167,8,746,737
17,029,0012,0000,000,2543,757,296,349,9.67,1276,1262
17,029,0012,0998,000,1525,464,174,223,10.06,764,755
17,029,0012,1002,000,1018,293,122,126,9.04,512,507
17,029,0013,0000,000,7097,2210,1148,1295,10.19,3767,3661
17,029,0013,0108,000,1976,603,291,377,10.5,1081,1052
17,029,0013,0127,000,619,198,92,113,9.28,317,305
17,029,0013,0131,000,1257,355,160,186,9.29,678,669
17,029,0013,0269,000,452,130,50,54,9.01,260,248
17,029,0013,0273,000,45,12,7,8,11.36,24,24
17,029,0013,0409,000,288,100,83,79,11.66,141,136
17,029,0013,0413,000,169,52,31,36,10.85,79,79
17,029,0013,0428,000,566,213,154,164,12.68,274,263
17,029,0013,0432,000,630,187,77,69,9.09,360,352
17,029,0013,0610,000,122,44,35,31,11.64,53,49
17,029,0013,0625,000,299,110,79,75,12.13,138,131
17,029,0013,0748,000,25,5,*,3,8.11,12,11
17,029,0013,0752,000,265,82,34,40,8.66,140,138
17,029,0013,0767,000,8,4,4,*,12.5,6,6
17,029,0013,0822,000,40,8,*,4,9.26,24,23
17,029,0013,0894,000,287,93,41,48,9.44,154,150
17,029,0013,0907,000,49,14,7,6,9.57,26,25
17,029,0013,0930,000,0,0,0,0,0.00,0,0
17,029,0024,0000,000,14126,3853,1230,1806,8.7,7213,7042
17,029,0024,0358,000,1909,514,176,258,8.85,945,929
17,029,0024,0536,000,1293,348,133,194,9.13,688,666
17,029,0024,0540,000,1938,535,180,259,8.72,979,957
17,029,0024,0555,000,1335,373,138,192,8.82,684,679
17,029,0024,056A,000,1491,404,137,202,9.35,744,737
17,029,0024,0574,000,1023,279,95,124,9.07,541,523
17,029,0024,0589,000,754,207,56,97,8.59,407,395
17,029,0024,0593,000,2003,552,126,206,7.86,987,949
17,029,0024,0606,000,1505,395,122,172,8.48,796,777
17,029,0024,0644,000,779,219,58,87,8.09,392,380
17,029,0024,0697,000,96,27,9,15,9.04,50,50
17,030,0000,0000,000,56083,14652,5268,5835,8.92,29417,28993
17,030,0001,0000,000,19104,4794,1778,1930,9.53,9748,9633
17,030,0001,0024,000,4060,1029,436,516,10.49,2246,2228
17,030,0001,0043,000,2212,547,187,248,9.55,1094,1072
17,030,0001,0058,000,1382,341,125,147,10.07,679,667
17,030,0001,0081,000,5752,1369,406,413,8.26,2739,2697
17,030,0001,0096,000,1253,326,100,112,8.97,637,636
17,030,0001,0109,000,1444,368,163,146,9.92,808,804
17,030,0001,0113,000,1895,512,242,237,10.51,969,959
17,030,0001,0128,000,798,208,66,64,9.42,394,392
17,030,0001,0217,000,180,47,16,14,8.67,100,99
17,030,0001,0255,000,119,44,34,30,13.83,79,76
17,030,0001,026A,000,9,3,3,3,16,3,3
17,030,0002,0000,000,2534,631,294,184,8.37,1506,1503
17,030,0002,001A,000,2534,631,294,184,8.37,1506,1503
17,030,0008,0000,000,13431,3701,1251,1966,9.22,6860,6695
17,030,0008,0147,000,3649,1076,349,598,9.61,1909,1868
17,030,0008,0166,000,2276,589,195,330,9.08,1118,1081
17,030,0008,0170,000,1489,406,148,206,9.14,792,766
17,030,0008,0185,000,2017,527,184,233,8.76,1019,996
17,030,0008,019A,000,2441,673,208,358,9.03,1223,1204
17,030,0008,0202,000,642,170,75,88,9.09,327,318
17,030,0008,0240,000,917,260,92,153,9.72,472,462
17,030,0018,0000,000,2882,740,234,227,7.99,1541,1536
17,030,0018,0221,000,1424,367,130,140,7.86,808,807
17,030,0018,0236,000,1458,373,104,87,8.12,733,729
17,030,0040,0000,000,2678,698,232,263,8.15,1385,1337
17,030,0040,0077,000,2678,698,232,263,8.15,1385,1337
17,031,0000,0000,000,36094,10566,4580,7002,10.37,17045,16600
17,031,0001,0000,000,21375,6309,2577,4455,10.5,9744,9457
17,031,0001,0036,000,2992,958,365,726,11.08,1358,1330
17,031,0001,0040,000,2444,784,336,529,11.43,1111,1079
17,031,0001,006A,000,1640,513,237,343,11.34,700,689
17,031,0001,0074,000,4003,1129,441,801,9.91,1815,1754
17,031,0001,0089,000,1558,443,172,299,9.73,672,632
17,031,0001,0125,000,1990,553,240,387,10.14,914,896
17,031,0001,013A,000,2345,628,232,437,9.73,1117,1082
17,031,0001,0144,000,953,265,49,137,8.81,397,380
17,031,0001,0159,000,222,63,31,46,9.88,99,94
17,031,0001,0178,000,1546,456,243,352,10.8,687,665
17,031,0001,0182,000,1675,516,230,397,11.37,870,852
17,031,0001,0233,000,7,1,*,*,*,*,*
17,031,0002,0000,000,11322,3306,1567,2121,10.53,5636,5504
17,031,0002,0106,000,1683,470,233,253,9.74,877,845
17,031,0002,0110,000,1632,461,198,271,10,827,808
17,031,0002,0197,000,1727,532,271,360,11.29,817,797
17,031,0002,020A,000,4481,1304,612,922,10.82,2200,2153
17,031,0002,0214,000,917,268,111,140,9.65,464,456
17,031,0002,0229,000,882,271,142,175,10.88,451,445
17,032,0000,0000,000,9965,2832,1074,1050,9.53,4824,4744
17,032,0001,0000,000,3742,1120,425,518,10.27,1925,1896
17,032,0001,0033,000,3141,943,361,429,10.19,1636,1611
17,032,0001,0052,000,493,144,55,80,10.78,245,244
17,032,0001,0067,000,102,32,8,8,10.33,41,38
17,032,0001,0071,000,6,1,*,*,*,*,*
17,032,0006,0000,000,5428,1496,586,486,9.08,2515,2468
17,032,0006,0086,000,200,58,30,10,7.85,76,76
17,032,0006,0090,000,224,58,30,17,8.82,78,78
17,032,0006,0103,000,471,129,41,24,8.62,214,210
17,032,0006,0118,000,113,32,10,15,9.03,53,50
17,032,0006,0122,000,106,32,13,15,8.9,54,54
17,032,0006,0137,000,167,46,25,20,10.63,87,87
17,032,0006,0141,000,1885,515,203,218,9.56,954,942
17,032,0006,0156,000,2262,626,234,167,8.79,999,971
17,033,0000,0000,000,16574,4187,1288,1559,8.86,8583,8520
17,033,0001,0000,000,6447,1722,527,745,8.87,3247,3220
17,033,0001,0045,000,286,68,19,49,9.05,137,137
17,033,0001,005A,000,529,144,48,50,8.66,236,235
17,033,0001,0064,000,409,115,28,43,9.18,216,215
17,033,0001,0079,000,412,116,36,39,8.65,228,227
17,033,0001,0100,000,1689,467,169,254,9.58,917,913
17,033,0001,0115,000,3122,812,227,310,8.49,1513,1493
17,033,0002,0000,000,3961,977,257,333,9.17,2005,1979
17,033,0002,0098,000,3961,977,257,333,9.17,2005,1979
17,033,0003,0000,000,4439,1133,389,388,8.19,2742,2738
17,033,0003,0083,000,4439,1133,389,388,8.19,2742,2738
17,034,0000,0000,000,11347,2814,505,800,6.92,5430,5309
17,034,0001,0000,000,9672,2394,405,696,6.92,4650,4560
17,034,0001,0023,000,2113,527,95,169,7.55,1042,1014
17,034,0001,0038,000,2162,545,101,157,7.02,1091,1067
17,034,0001,0042,000,1146,291,57,92,6.86,513,505
17,034,0001,0057,000,1994,485,51,128,5.91,818,804
17,034,0001,0061,000,885,218,43,63,7.38,436,426
17,034,0001,0076,000,1372,328,58,87,6.86,750,744
17,035,0000,0000,000,27805,6342,1368,1727,8.45,14251,13713
17,035,0001,0000,000,24073,5399,1122,1607,8.57,12502,12076
17,035,0001,0020,000,5869,1296,263,362,8.5,3091,2988
17,035,0001,0035,000,5411,1177,255,352,8.54,2949,2872
17,035,0001,004A,000,6257,1407,298,491,8.62,3190,3059
17,035,0001,0054,000,283,68,13,13,9.06,150,134
17,035,0001,0069,000,3223,746,150,183,8.67,1626,1584
17,035,0001,0073,000,3030,705,143,206,8.5,1496,1439
17,036,0000,0000,000,7855,1965,685,449,7.41,3788,3774
17,036,0001,0000,000,7352,1839,638,437,7.42,3546,3534
17,036,0001,0013,000,3187,808,296,280,7.76,1489,1482
17,036,0001,0028,000,1242,317,106,70,7.43,608,606
17,036,0001,0032,000,1216,305,89,29,7.2,608,608
17,036,0001,0047,000,967,228,93,44,7.17,473,472
17,036,0001,0051,000,359,88,29,3,6.69,185,185
17,036,0001,0066,000,381,93,25,11,6.53,183,181
